id;properties.prefLabel.fi;properties.prefLabel.sv;properties.prefLabel.en;properties.altLabel.fi;properties.altLabel.sv;properties.altLabel.en;properties.avoidableLabel.fi;properties.avoidableLabel.sv;properties.avoidableLabel.en;properties.deprecatedLabel.fi;properties.deprecatedLabel.sv;properties.deprecatedLabel.en;properties.definition.fi;properties.definition.sv;properties.definition.en;properties.note.fi;properties.note.sv;properties.note.en;properties.scopeNote.fi;properties.scopeNote.sv;properties.scopeNote.en;references.status.id;references.broader.id;references.related.id;references.partOf.id
ID;Suositettava termi;Rekommenderad term;Preferred label;Synonyymi;Synonym;Synonym;Vältettävä termi;Term som bör undvikas;Avoidable label;Hylättävä termi;Avrådd term;Deprecated label;Määritelmä;Definition;Definition;Huomautus;Anmärkning;Note;Käyttöala;Användningsområde;Scope note;Tila;Hierarkkinen yläkäsite;Assosiatiivinen suhde;Koostumussuhteinen yläkäsite
07e67a1c-826a-43b5-a05d-7866aab79c29;Sosiaali- ja terveydenhuollon uudistamisen keskeiset käsitteet;;;;;;;;;;;;;;;;;;;;;49941036-6607-3935-8bd3-f0c8823efddf;;;
ce799336-11a9-4db5-b9c5-12960bdcfe3e;alueellinen hyvinvointikertomus ja -suunnitelma;regional välfärdsberättelse och välfärdsplan;county’s account and plan on wellbeing;;;county’s wellbeing account and plan|wellbeing account and plan for the county;;;;;;county’s report and plan on wellbeing|county’s wellbeing report and plan|wellbeing report and plan for the county|regional wellbeing report and plan|regional welfare report and plan|welfare report and plan for the county;asiakirja, jonka [hyvinvointialue](5903ca2f-8c0b-49dc-985a-eade0b056f21) laatii yhdessä alueen kuntien kanssa ja joka sisältää tietoa alueen asukkaiden hyvinvoinnista, terveydestä ja toimintakyvystä, hyvinvointialueen hyvinvointia ja terveyttä edistävistä toimista sekä näitä koskevista konkreettisista tavoitteista ja toimenpiteistä;dokument som [välfärdsområdet](5903ca2f-8c0b-49dc-985a-eade0b056f21) utarbetar tillsammans med kommunerna i området och som innehåller information om invånarnas välfärd, hälsa och funktionsförmåga, om välfärdsområdets åtgärder som främjar välfärd och hälsa samt om konkreta mål och åtgärder som gäller detta;document drawn up by a [wellbeing services county](5903ca2f-8c0b-49dc-985a-eade0b056f21) together with the municipalities in its area containing information about the health, wellbeing and functioning of the residents of the wellbeing services county, the measures the wellbeing services county has adopted to promote health and wellbeing and related concrete objectives and measures;Alueellisessa hyvinvointikertomuksessa ja -suunnitelmassa tulee tarkastella erityisesti väestöryhmien välisiä sekä alueellisia hyvinvointi- ja terveyseroja.|Alueellinen hyvinvointikertomus ja -suunnitelma on julkaistava julkisessa tietoverkossa.|Hyvinvointialueen on hyvinvoinnin ja terveyden edistämisessä toimittava yhteistyössä alueensa kuntien kanssa ja tuettava niitä asiantuntemuksellaan.|Nykytilan kuvaamisessa termi account on toimivampi kuin report, joka viittaa yleensä menneeseen. Englanniksi lauseyhteydestä riippuen voi olla perusteltua käyttää termiä monikollisena, jolloin englanninkielinen vastine on esim. counties’ reports and plans on wellbeing tai counties’ wellbeing reports and plans. Koska nykyisten maakuntien yhteydessä käytetään termejä region ja regional, hyvinvointialueisiin viitatessa englanniksi käytetään termiä wellbeing services county. Yhdyssanoja muodostetaan joskus pelkän county-sanan pohjalta.;I den regionala välfärdsberättelsen och välfärdsplanen ska särskilt välfärds- och hälsoskillnader mellan befolkningsgrupperna samt mellan regionerna granskas.|Den regionala välfärdsberättelsen och välfärdsplanen ska publiceras i det allmänna datanätet.|Välfärdsområdet ska i fråga om främjande av välfärd och hälsa samarbeta med kommunerna inom sitt område och stödja dem med sin sakkunskap.;The county’s account and plan on wellbeing must pay particular attention to differences in health and wellbeing between population groups and regions.|The county’s account and plan on wellbeing must be published in a public information network.|In promoting health and wellbeing, the wellbeing services county must cooperate with the municipalities in its area and support them with its expertise.|When describing the current state, it is better to use the term ‘account’ instead of the term ‘report’, which generally refers to the past. Depending on the context, there may be reasons to use a plural form of the term, e.g., counties’ accounts and plans on wellbeing or counties’ wellbeing accounts and plans. To avoid confusion with ‘region’, which is the English equivalent of the current ‘maakunta’, the English equivalent of ‘hyvinvointialue’ uses the word ‘county’. Compound words related to wellbeing services counties are sometimes formed using the shorter form ‘county’.;;;;49941036-6607-3935-8bd3-f0c8823efddf;07e67a1c-826a-43b5-a05d-7866aab79c29;5903ca2f-8c0b-49dc-985a-eade0b056f21;
8a68003e-97eb-47ae-b314-f9e47ae7f9c3;asiakas;kund;client;;> klient (2);customer;;;;;;;toimija, joka hankkii tai saa [palveluja](ce65737b-a5db-47e3-97cd-e610293bf5a1) tai hankkii tuotteita;aktör som skaffar eller får [tjänster (1)](ce65737b-a5db-47e3-97cd-e610293bf5a1) eller skaffar produkter;body acquiring or receiving [services (1)](ce65737b-a5db-47e3-97cd-e610293bf5a1) or acquiring products;Toimija voi olla henkilö, henkilöryhmä tai organisaatio.|Suomeksi sekä [sosiaalihuollon](538eaf1a-4baf-4687-a3b2-82f538fccd20) että [terveydenhuollon asiakkaita](e2ce16ce-b02c-46a0-bf42-8f45c1493e30) kutsutaan asiakkaiksi ja [potilaat](4ecc5902-0290-450c-8cd8-304b212bf93b) ovat terveydenhuollon asiakkaita. Ruotsin kielen termi kund on sosiaali- ja terveydenhuollon uudistuksen yhteydessä valittu käytettäväksi tilanteissa, joissa viitataan sekä sosiaalihuollon asiakkaisiin (klienter inom socialvården) että terveydenhuollon asiakkaisiin (kunder inom hälso- och sjukvården). Uudistuksen myötä ruotsiksi käytetään termiä klient vain, jos on kyse sosiaalihuollon asiakkaista. Aiemmin ruotsiksi on joissakin yhteyksissä käytetty klient-termiä yläkäsitteenä sekä sosiaalihuollon asiakkaista että terveydenhuollon asiakkaista.;Aktören kan vara en person, en persongrupp eller en organisation.|På finska används asiakas inom både [socialvården](e6037259-108e-4c33-9e82-951100f94126) och [hälso- och sjukvården](daa886fb-09d8-487d-80fc-59aaca87d74d). På svenska har kund i och med social- och hälsovårdsreformen börjat användas som överbegrepp när såväl [klienter inom socialvården](538eaf1a-4baf-4687-a3b2-82f538fccd20) som [kunder inom hälso- och sjukvården](e2ce16ce-b02c-46a0-bf42-8f45c1493e30) avses. [Patienter](4ecc5902-0290-450c-8cd8-304b212bf93b) är kunder inom hälso- och sjukvården. På svenska används klient när det enbart är fråga om socialvård. Tidigare har termen klient i vissa sammanhang använts som överbegrepp när både klienter inom socialvården och kunder inom hälso- och sjukvården avsetts.;A body can be a person, a group of people or an organisation.;;;;49941036-6607-3935-8bd3-f0c8823efddf;07e67a1c-826a-43b5-a05d-7866aab79c29;ce65737b-a5db-47e3-97cd-e610293bf5a1|e6037259-108e-4c33-9e82-951100f94126|4ecc5902-0290-450c-8cd8-304b212bf93b|daa886fb-09d8-487d-80fc-59aaca87d74d;
538eaf1a-4baf-4687-a3b2-82f538fccd20;sosiaalihuollon asiakas;klient inom socialvården;social welfare client;;socialvårdsklient|klient (1);social welfare customer;;;;;;;henkilö, joka hakee tai saa [sosiaalipalveluja](40eb9e9e-c947-4e30-81d3-c51a16d8eb03) tai jonka asiaa muuten käsitellään [sosiaalihuollossa](e6037259-108e-4c33-9e82-951100f94126);person som ansöker om eller får [socialservice (1)](40eb9e9e-c947-4e30-81d3-c51a16d8eb03) eller vars ärende annars behandlas inom [socialvården](e6037259-108e-4c33-9e82-951100f94126);person seeking or receiving [social services](40eb9e9e-c947-4e30-81d3-c51a16d8eb03) or whose case is otherwise processed in [social welfare](e6037259-108e-4c33-9e82-951100f94126);Suomeksi sekä sosiaalihuollon että [terveydenhuollon asiakkaita](e2ce16ce-b02c-46a0-bf42-8f45c1493e30) kutsutaan [asiakkaiksi](8a68003e-97eb-47ae-b314-f9e47ae7f9c3) ja [potilaat](4ecc5902-0290-450c-8cd8-304b212bf93b) ovat terveydenhuollon asiakkaita. Ruotsin kielen termi kund on sosiaali- ja terveydenhuollon uudistuksen yhteydessä valittu käytettäväksi tilanteissa, joissa viitataan sekä sosiaalihuollon asiakkaisiin (klienter inom socialvården) että terveydenhuollon asiakkaisiin (kunder inom hälso- och sjukvården). Uudistuksen myötä ruotsiksi käytetään termiä klient vain, jos on kyse sosiaalihuollon asiakkaista. Aiemmin ruotsiksi on joissakin yhteyksissä käytetty klient-termiä yläkäsitteenä sekä sosiaalihuollon asiakkaista että terveydenhuollon asiakkaista.;I och med social- och hälsovårdsreformen har termen [kund](8a68003e-97eb-47ae-b314-f9e47ae7f9c3) börjat användas som överbegrepp när såväl klienter inom socialvården som [kunder inom hälso- och sjukvården](e2ce16ce-b02c-46a0-bf42-8f45c1493e30) och [patienter](4ecc5902-0290-450c-8cd8-304b212bf93b) avses. På finska används termen asiakas inom både socialvården och [hälso- och sjukvården](daa886fb-09d8-487d-80fc-59aaca87d74d). På svenska används termen klient när det enbart är fråga om socialvård. Tidigare har termen klient i vissa sammanhang använts som överbegrepp när både klienter inom socialvården och kunder inom hälso- och sjukvården avsetts.;;;;;49941036-6607-3935-8bd3-f0c8823efddf;8a68003e-97eb-47ae-b314-f9e47ae7f9c3;40eb9e9e-c947-4e30-81d3-c51a16d8eb03|e6037259-108e-4c33-9e82-951100f94126|e2ce16ce-b02c-46a0-bf42-8f45c1493e30|daa886fb-09d8-487d-80fc-59aaca87d74d|4ecc5902-0290-450c-8cd8-304b212bf93b;
e2ce16ce-b02c-46a0-bf42-8f45c1493e30;terveydenhuollon asiakas;kund inom hälso- och sjukvården;healthcare client;;hälso- och sjukvårdskund;healthcare customer;;;;;;;henkilö, joka hakee tai saa [terveyspalveluja](91bb5832-cc6d-45ca-8fa4-3d833afe8692) tai jonka asiaa muuten käsitellään [terveydenhuollossa](daa886fb-09d8-487d-80fc-59aaca87d74d);person som ansöker om eller får [hälso- och sjukvårdstjänster](91bb5832-cc6d-45ca-8fa4-3d833afe8692) eller vars ärende annars behandlas inom [hälso- och sjukvården](daa886fb-09d8-487d-80fc-59aaca87d74d);person seeking or receiving [health services](91bb5832-cc6d-45ca-8fa4-3d833afe8692) or whose case is otherwise processed in [healthcare](daa886fb-09d8-487d-80fc-59aaca87d74d);Kaikki terveydenhuollon asiakkaat eivät ole [potilaita](4ecc5902-0290-450c-8cd8-304b212bf93b), vaan he voivat olla myös henkilöitä, jotka käyttävät erilaisia ennaltaehkäiseviä terveyspalveluja tai saavat terveysneuvontaa (esim. [perhekeskuksessa](3feaf459-bc9f-4d2a-afe9-bdb5ba02ecfa), koulu- ja opiskeluterveydenhuollossa tai seulontatutkimuksissa).|Terveydenhuoltoa koskevassa lainsäädännössä käytetään pääsääntöisesti potilas-termiä, mutta säädökset koskevat kaikkia terveydenhuollon asiakkaita.|Suomeksi sekä [sosiaalihuollon](538eaf1a-4baf-4687-a3b2-82f538fccd20) että terveydenhuollon asiakkaita kutsutaan [asiakkaiksi](8a68003e-97eb-47ae-b314-f9e47ae7f9c3) ja potilaat ovat terveydenhuollon asiakkaita. Ruotsin kielen termi kund on sosiaali- ja terveydenhuollon uudistuksen yhteydessä valittu käytettäväksi tilanteissa, joissa viitataan sekä sosiaalihuollon asiakkaisiin (klienter inom socialvården) että terveydenhuollon asiakkaisiin (kunder inom hälso- och sjukvården). Uudistuksen myötä ruotsiksi käytetään termiä klient vain, jos on kyse sosiaalihuollon asiakkaista. Aiemmin ruotsiksi on joissakin yhteyksissä käytetty klient-termiä yläkäsitteenä sekä sosiaalihuollon asiakkaista että terveydenhuollon asiakkaista.|Englanninkielinen termi healthcare kirjoitetaan yhdyssanana ilman yhdysviivaa.;Inom hälso- och sjukvården är inte alla kunder [patienter](4ecc5902-0290-450c-8cd8-304b212bf93b), utan kunderna inom hälso- och sjukvården kan också vara personer som använder olika förebyggande hälso- och sjukvårdstjänster eller får hälsorådgivning (t.ex. i ett [familjecenter](3feaf459-bc9f-4d2a-afe9-bdb5ba02ecfa), inom skol- och studerandehälsovården eller vid screeningundersökningar).|I lagstiftningen om hälso- och sjukvård används i regel termen patient, men bestämmelserna gäller alla kunder inom hälso- och sjukvården.|I och med social- och hälsovårdsreformen har termen [kund](8a68003e-97eb-47ae-b314-f9e47ae7f9c3) börjat användas som överbegrepp när såväl [klienter inom socialvården](538eaf1a-4baf-4687-a3b2-82f538fccd20) som kunder inom hälso- och sjukvården och patienter avses. På finska används termen asiakas inom både [socialvården](e6037259-108e-4c33-9e82-951100f94126) och hälso- och sjukvården. På svenska används termen klient när det enbart är fråga om socialvård. Tidigare har termen klient i vissa sammanhang använts som överbegrepp när både klienter inom socialvården och kunder inom hälso- och sjukvården avsetts.;Healthcare clients are not always [patients](4ecc5902-0290-450c-8cd8-304b212bf93b)| instead, they can use different kinds of preventive health services or receive health counselling (e.g., in the context of [family centres](3feaf459-bc9f-4d2a-afe9-bdb5ba02ecfa), school and student healthcare or screening).|As a rule, the legislation on healthcare uses the term ‘patient’, although the provisions apply to all healthcare clients.|The English term ‘healthcare’ is written as a compound word without a hyphen.;;;;49941036-6607-3935-8bd3-f0c8823efddf;8a68003e-97eb-47ae-b314-f9e47ae7f9c3;3feaf459-bc9f-4d2a-afe9-bdb5ba02ecfa|538eaf1a-4baf-4687-a3b2-82f538fccd20|91bb5832-cc6d-45ca-8fa4-3d833afe8692|daa886fb-09d8-487d-80fc-59aaca87d74d|e6037259-108e-4c33-9e82-951100f94126;
4ecc5902-0290-450c-8cd8-304b212bf93b;potilas;patient;patient;;;;;;;;;;[terveydenhuollon asiakas](e2ce16ce-b02c-46a0-bf42-8f45c1493e30), joka saa [terveyspalveluja](91bb5832-cc6d-45ca-8fa4-3d833afe8692) terveysongelmiensa vuoksi;[kund inom hälso- och sjukvården](e2ce16ce-b02c-46a0-bf42-8f45c1493e30) som får [hälso- och sjukvårdstjänster](91bb5832-cc6d-45ca-8fa4-3d833afe8692) på grund av sina hälsoproblem;[healthcare client](e2ce16ce-b02c-46a0-bf42-8f45c1493e30) who receives [health services](91bb5832-cc6d-45ca-8fa4-3d833afe8692) because of their health problems;Potilas on aina myös terveydenhuollon asiakas. Termejä potilas ja terveydenhuollon asiakas ei kuitenkaan voi pitää toistensa synonyymeina, koska kaikilla terveyspalvelujen käyttäjillä ei ole terveysongelmia. [Terveydenhuoltoa](daa886fb-09d8-487d-80fc-59aaca87d74d) koskevassa lainsäädännössä käytetään pääsääntöisesti potilas-termiä, mutta säädökset koskevat kaikkia terveydenhuollon asiakkaita. Tarvittaessa voidaan termejä terveydenhuollon asiakas ja potilas käyttää rinnakkain.;En patient är alltid också kund inom hälso- och sjukvården. Termerna patient och kund inom hälso- och sjukvården kan dock inte betraktas som synonymer, eftersom inte alla som använder hälso- och sjukvårdstjänster har hälsoproblem. I lagstiftningen om [hälso- och sjukvård](daa886fb-09d8-487d-80fc-59aaca87d74d) används i regel termen patient, men bestämmelserna gäller alla kunder inom hälso- och sjukvården. Vid behov kan termerna kund inom hälso- och sjukvården och patient användas parallellt.;Patients are always healthcare clients, too. However, the terms ‘patient’ and ‘healthcare client’ are not synonyms, because not all healthcare clients have health problems. As a rule, the legislation on [healthcare](daa886fb-09d8-487d-80fc-59aaca87d74d) uses the term ‘patient’, although the provisions apply to all healthcare clients. Where necessary, the terms ‘healthcare client’ and ‘patient’ can be used in parallel.;;;;49941036-6607-3935-8bd3-f0c8823efddf;e2ce16ce-b02c-46a0-bf42-8f45c1493e30;daa886fb-09d8-487d-80fc-59aaca87d74d|91bb5832-cc6d-45ca-8fa4-3d833afe8692;
4fcbe7b8-ed25-47e2-9e4a-9baf7cd66d51;asiakaslähtöisyys;kundorientering;client-oriented approach;;> klientorientering;client orientation|customer-oriented approach|customer orientation;;;;;;;toimintatapa, jossa [palvelunantaja](7a64ce01-8bb5-40bb-a805-d2157c236a20) näkee [asiakkaan](8a68003e-97eb-47ae-b314-f9e47ae7f9c3) yksilönä ja aktiivisena toimijana, organisoi toimintansa asiakkaan tarpeista ja voimavaroista käsin ja mahdollistaa sen, että asiakas voi toimia asiantuntijoiden ja ammattihenkilöiden kanssa tasavertaisena kumppanina;tillvägagångssätt där [tjänstetillhandahållaren](7a64ce01-8bb5-40bb-a805-d2157c236a20) ser [kunden](8a68003e-97eb-47ae-b314-f9e47ae7f9c3) som en individ och aktiv aktör, organiserar sin verksamhet utifrån kundens behov och resurser och gör det möjligt för kunden att vara en jämlik aktör med sakkunniga och med yrkesutbildade personer;approach where [service enablers](7a64ce01-8bb5-40bb-a805-d2157c236a20) see [clients](8a68003e-97eb-47ae-b314-f9e47ae7f9c3) as individuals and active bodies, organise their activities based on the clients’ needs and resources and enable the clients to act as equal partners with experts and professionals;Asiakaslähtöisyys toteutuu esimerkiksi siten, että asiakasta koskevat [palvelukokonaisuudet](2ae43c8d-548e-4c41-a423-d13d8eb8969a) ja [palvelupolut](1dda0952-308d-46df-832c-6d2d41687fa0) laaditaan yhteistyössä hänen kanssaan, että asiakasta tuetaan päätöksenteossa, että asiakas pystyy vaikuttamaan [palveluihinsa](ce65737b-a5db-47e3-97cd-e610293bf5a1) ja hänelle tehtäviin toimenpiteisiin, että hänen ihmisarvoaan, yksityisyyttään ja itsemääräämisoikeuttaan kunnioitetaan ja että hän saa riittävästi ja ymmärrettävällä tavalla tietoa häntä koskevista asioista. Asiakkaalla tulee olla mahdollisuus antaa palautetta ja vaikuttaa toiminnan kehittämiseen.|Potilaan asemasta ja oikeuksista annetun lain ([785/1992](https://www.finlex.fi/fi/laki/ajantasa/1992/19920785)) sekä sosiaalihuollon asiakkaan asemasta ja oikeuksista annetun lain ([812/2000](https://www.finlex.fi/fi/laki/ajantasa/2000/20000812)) tavoitteena on edistää asiakaslähtöisyyttä.|Suomeksi sekä [sosiaalihuollon](538eaf1a-4baf-4687-a3b2-82f538fccd20) että [terveydenhuollon asiakkaita](e2ce16ce-b02c-46a0-bf42-8f45c1493e30) kutsutaan asiakkaiksi ja [potilaat](4ecc5902-0290-450c-8cd8-304b212bf93b) ovat terveydenhuollon asiakkaita. Ruotsin kielen termi kund on sosiaali- ja terveydenhuollon uudistuksen yhteydessä valittu käytettäväksi tilanteissa, joissa viitataan sekä sosiaalihuollon asiakkaisiin (klienter inom socialvården) että terveydenhuollon asiakkaisiin (kunder inom hälso- och sjukvården). Uudistuksen myötä ruotsiksi käytetään termiä klient vain, jos on kyse sosiaalihuollon asiakkaista. Aiemmin ruotsiksi on joissakin yhteyksissä käytetty klient-termiä yläkäsitteenä sekä sosiaalihuollon asiakkaista että terveydenhuollon asiakkaista.|Englanniksi käytetään usein substantiivin sijasta adjektiivia, esim. client-oriented, client-driven, customer-oriented, customer-driven.;Kundorienteringen genomförs t.ex. så att [servicehelheter](2ae43c8d-548e-4c41-a423-d13d8eb8969a) och [servicestigar](1dda0952-308d-46df-832c-6d2d41687fa0) som gäller kunden utarbetas i samarbete med kunden, att kunden stöds i beslutsfattandet, att kunden kan påverka sina [tjänster (1)](ce65737b-a5db-47e3-97cd-e610293bf5a1) och de åtgärder som vidtas för kunden, att kundens människovärde, integritet och självbestämmanderätt respekteras och att kunden får tillräcklig information på ett begripligt sätt om frågor som gäller kunden. Kunden ska ha möjlighet att ge respons och påverka utvecklingen av verksamheten.|Syftet med lagen om patientens ställning och rättigheter ([785/1992](https://www.finlex.fi/sv/laki/ajantasa/1992/19920785)) och lagen om klientens ställning och rättigheter inom socialvården ([812/2000](https://www.finlex.fi/sv/laki/ajantasa/2000/20000812)) är att främja kundorienteringen.|I och med social- och hälsovårdsreformen har termen kund börjat användas som överbegrepp när såväl [klienter inom socialvården](538eaf1a-4baf-4687-a3b2-82f538fccd20) som [kunder inom hälso- och sjukvården](e2ce16ce-b02c-46a0-bf42-8f45c1493e30) och [patienter](4ecc5902-0290-450c-8cd8-304b212bf93b) avses. På finska används termen asiakas inom både [socialvården](e6037259-108e-4c33-9e82-951100f94126) och [hälso- och sjukvården](daa886fb-09d8-487d-80fc-59aaca87d74d). På svenska används termen klient när det enbart är fråga om socialvård. Tidigare har termen klient i vissa sammanhang använts som överbegrepp när både klienter inom socialvården och kunder inom hälso- och sjukvården avsetts.;Client-oriented approach means that clients’ [service packages](2ae43c8d-548e-4c41-a423-d13d8eb8969a) and [individual service paths](1dda0952-308d-46df-832c-6d2d41687fa0) are drawn up together with them, that clients are supported in making decisions, that clients can influence the [services (1)](ce65737b-a5db-47e3-97cd-e610293bf5a1) and measures they receive, that their human dignity, privacy and self-determination are respected and that they receive enough information about their affairs in ways that are easy for them to understand. Clients must have the opportunity to give feedback and have a say in the way the activities are developed.|The objective of the Act on Status and Rights of Patients (725/1992) and the Act on the Status and Rights of Social Welfare Clients (812/2000) is to promote a client-oriented approach.|In English it is common to use an adjective instead of a noun, e.g., ‘client-oriented’, ‘client-driven’, ‘customer-oriented’, ‘customer-driven’.;;;;49941036-6607-3935-8bd3-f0c8823efddf;07e67a1c-826a-43b5-a05d-7866aab79c29;538eaf1a-4baf-4687-a3b2-82f538fccd20|7a64ce01-8bb5-40bb-a805-d2157c236a20|8a68003e-97eb-47ae-b314-f9e47ae7f9c3|1dda0952-308d-46df-832c-6d2d41687fa0|4ecc5902-0290-450c-8cd8-304b212bf93b|e2ce16ce-b02c-46a0-bf42-8f45c1493e30|ce65737b-a5db-47e3-97cd-e610293bf5a1|2ae43c8d-548e-4c41-a423-d13d8eb8969a|e6037259-108e-4c33-9e82-951100f94126|daa886fb-09d8-487d-80fc-59aaca87d74d;
c2f09b4c-edf8-4d32-9def-237202bd9541;asiakasohjaus;kundhandledning;client assistance;;> klienthandledning;customer assistance;;;;;;;[asiakkaalle](8a68003e-97eb-47ae-b314-f9e47ae7f9c3) annettava yleinen neuvonta ja ohjaus tai [palvelutarpeen arvioinnin](580e57b6-e892-4588-b0ad-cd05b70c226e) perusteella tehtävä [palveluohjaus](b382263c-f3d1-47d2-9e83-b81c234d52c9);allmän rådgivning och handledning till en [kund](8a68003e-97eb-47ae-b314-f9e47ae7f9c3) eller sådan [servicehandledning](b382263c-f3d1-47d2-9e83-b81c234d52c9) utifrån en [bedömning av servicebehovet](580e57b6-e892-4588-b0ad-cd05b70c226e) som ges en kund;general advice and guidance given to [clients](8a68003e-97eb-47ae-b314-f9e47ae7f9c3) or [service coordination](b382263c-f3d1-47d2-9e83-b81c234d52c9) performed based on an [assessment of the need for services](580e57b6-e892-4588-b0ad-cd05b70c226e);Yleistä neuvontaa ja ohjausta annetaan asiakkaalle osana julkista hallintotehtävää. Se on yleisluontoista, ja sitä voidaan tehdä kysymättä asiakkaalta henkilötietoja.|Palveluohjaus on asiakasohjausta, jota annetaan palvelutarpeen arvioinnin perusteella ja jossa käytetään asiakkaan henkilötietoja.|Suomeksi sekä [sosiaalihuollon](538eaf1a-4baf-4687-a3b2-82f538fccd20) että [terveydenhuollon asiakkaita](e2ce16ce-b02c-46a0-bf42-8f45c1493e30) kutsutaan asiakkaiksi ja potilaat ovat terveydenhuollon asiakkaita. Ruotsin kielen termi kund on sosiaali- ja terveydenhuollon uudistuksen yhteydessä valittu käytettäväksi tilanteissa, joissa viitataan sekä sosiaalihuollon asiakkaisiin (klienter inom socialvården) että terveydenhuollon asiakkaisiin (kunder inom hälso- och sjukvården). Uudistuksen myötä ruotsiksi käytetään termiä klient vain, jos on kyse sosiaalihuollon asiakkaista. Aiemmin ruotsiksi on joissakin yhteyksissä käytetty klient-termiä yläkäsitteenä sekä sosiaalihuollon asiakkaista että terveydenhuollon asiakkaista.;Allmän rådgivning och handledning ges kunden som en del av den offentliga förvaltningsuppgiften. Den är av allmän karaktär och kan ges utan att personuppgifter begärs av kunden.|Servicehandledning är kundhandledning som ges utifrån en bedömning av servicebehovet och där personuppgifter om kunden används.|I och med social- och hälsovårdsreformen har termen kund börjat användas som överbegrepp när såväl [klienter inom socialvården](538eaf1a-4baf-4687-a3b2-82f538fccd20) som [kunder inom hälso- och sjukvården](e2ce16ce-b02c-46a0-bf42-8f45c1493e30) och [patienter](4ecc5902-0290-450c-8cd8-304b212bf93b) avses. På finska används termen asiakas inom både [socialvården](e6037259-108e-4c33-9e82-951100f94126) och [hälso- och sjukvården](daa886fb-09d8-487d-80fc-59aaca87d74d). På svenska används termen klient när det enbart är fråga om socialvård. Tidigare har termen klient i vissa sammanhang använts som överbegrepp när både klienter inom socialvården och kunder inom hälso- och sjukvården avsetts.;General advice and guidance is given to clients as a public administrative duty. It is general in nature, and it can be given without asking the clients for their personal data.|Service coordination is a form of client assistance that is provided based on an assessment of the need for services and that uses the clients’ personal data.;;;;49941036-6607-3935-8bd3-f0c8823efddf;07e67a1c-826a-43b5-a05d-7866aab79c29;e2ce16ce-b02c-46a0-bf42-8f45c1493e30|daa886fb-09d8-487d-80fc-59aaca87d74d|8a68003e-97eb-47ae-b314-f9e47ae7f9c3|e6037259-108e-4c33-9e82-951100f94126|4ecc5902-0290-450c-8cd8-304b212bf93b|538eaf1a-4baf-4687-a3b2-82f538fccd20|580e57b6-e892-4588-b0ad-cd05b70c226e;
b382263c-f3d1-47d2-9e83-b81c234d52c9;palveluohjaus;servicehandledning;service coordination;;;;;;;;;;asiantuntijan tai ammattihenkilön antama ohjaus, jonka tarkoituksena on varmistaa, että [asiakas](8a68003e-97eb-47ae-b314-f9e47ae7f9c3) saa [palvelutarvettaan](71e8aec6-e46f-4c62-b54b-69330dce3f44) vastaavat [palvelut](ce65737b-a5db-47e3-97cd-e610293bf5a1);handledning som ges av en sakkunnig eller av en yrkesutbildad person för att säkerställa att [kunden](8a68003e-97eb-47ae-b314-f9e47ae7f9c3) får de [tjänster (1)](ce65737b-a5db-47e3-97cd-e610293bf5a1) som motsvarar kundens [servicebehov](71e8aec6-e46f-4c62-b54b-69330dce3f44);guidance provided by an expert or a professional to ensure that [clients](8a68003e-97eb-47ae-b314-f9e47ae7f9c3) receive the [services (1)](ce65737b-a5db-47e3-97cd-e610293bf5a1) that meet their [need for services](71e8aec6-e46f-4c62-b54b-69330dce3f44);Palveluohjausta annettaessa on kiinnitettävä erityistä huomiota asiakkaisiin, jotka tarvitsevat yhteensovitettavia palveluja, paljon palveluja tai ovat erityisen tuen tarpeessa. Esimerkiksi iäkkäät henkilöt voivat saada palveluohjausta, jossa otetaan huomioon palvelutarpeet sekä [sosiaalihuollon](e6037259-108e-4c33-9e82-951100f94126) että [terveydenhuollon](daa886fb-09d8-487d-80fc-59aaca87d74d) osalta.|Palveluohjaus on yhdenlaista [asiakasohjausta](c2f09b4c-edf8-4d32-9def-237202bd9541).|Palveluohjaus tulee erottaa sosiaalihuollossa annettavasta sosiaaliohjauksesta. Sosiaaliohjaus on [sosiaalipalvelu](40eb9e9e-c947-4e30-81d3-c51a16d8eb03), jossa arvioidaan [sosiaalihuollon asiakkaan](538eaf1a-4baf-4687-a3b2-82f538fccd20) palvelutarpeita, ohjataan asiakas palveluihin, tuetaan häntä palvelujen käytössä ja elämänhallinnassa ja tehdään yhteistyötä eri tukimuotojen yhteensovittamiseksi. Sosiaaliohjauksesta tehdään erillinen päätös, kun taas palveluohjauksesta ei tarvitse tehdä päätöstä.;När servicehandledning ges ska särskild uppmärksamhet ägnas åt de kunder som behöver samordnade tjänster, mycket tjänster eller särskilt stöd. Till exempel äldre personer kan få servicehandledning där servicebehovet i fråga om både [socialvården](e6037259-108e-4c33-9e82-951100f94126) och [hälso- och sjukvården](daa886fb-09d8-487d-80fc-59aaca87d74d) beaktas.|Servicehandledningen är ett slags [kundhandledning](c2f09b4c-edf8-4d32-9def-237202bd9541).|Servicehandledning ska inte förväxlas med den socialhandledning som ges inom socialvården. Socialhandledning är [socialservice (1)](40eb9e9e-c947-4e30-81d3-c51a16d8eb03) där de servicebehov som en [klient inom socialvården](538eaf1a-4baf-4687-a3b2-82f538fccd20) har bedöms, klienten hänvisas till service, klienten får stöd i användningen av service och i att klara olika livssituationer och olika stödformer samordnas genom samarbete. Det fattas ett separat beslut om socialhandledning, medan inget beslut behöver fattas om servicehandledning.;In providing service coordination, particular attention must be paid to clients who need integrated services, who are frequent users of services (1) or who need special support. For example, older persons can receive service coordination that takes account of their need for services in both [healthcare](daa886fb-09d8-487d-80fc-59aaca87d74d) and [social welfare](e6037259-108e-4c33-9e82-951100f94126).|Service coordination is a form of [client assistance](c2f09b4c-edf8-4d32-9def-237202bd9541).|Service coordination should not be confused with social guidance. Social guidance is a [social service](40eb9e9e-c947-4e30-81d3-c51a16d8eb03) for assessing the need for services of [social welfare clients](538eaf1a-4baf-4687-a3b2-82f538fccd20), referring clients to services, supporting clients in service use and life management and cooperating to integrate different forms of support. A separate decision is made on social guidance, whereas service coordination does not require a decision.;;;;49941036-6607-3935-8bd3-f0c8823efddf;c2f09b4c-edf8-4d32-9def-237202bd9541|07e67a1c-826a-43b5-a05d-7866aab79c29;8a68003e-97eb-47ae-b314-f9e47ae7f9c3|71e8aec6-e46f-4c62-b54b-69330dce3f44|538eaf1a-4baf-4687-a3b2-82f538fccd20|40eb9e9e-c947-4e30-81d3-c51a16d8eb03|e6037259-108e-4c33-9e82-951100f94126|daa886fb-09d8-487d-80fc-59aaca87d74d|ce65737b-a5db-47e3-97cd-e610293bf5a1;
43d24e40-e871-4af5-b488-044a4cba68e7;asiakasosallisuus;kunddelaktighet;client involvement;;kundens delaktighet|kundernas medverkan|medverkan från kunderna|> klientdelaktighet|> klientens delaktighet|> klienternas medverkan|> medverkan från klienterna;customer involvement;;;;;;;tila, jossa [asiakas](8a68003e-97eb-47ae-b314-f9e47ae7f9c3) osallistuu ja kokee vaikuttavansa [palvelujen](ce65737b-a5db-47e3-97cd-e610293bf5a1) kehittämiseen, suunnitteluun, tuottamiseen ja arviointiin sekä niistä päättämiseen vuorovaikutteisesti asiantuntijoiden ja ammattihenkilöiden kanssa;situation där [kunden](8a68003e-97eb-47ae-b314-f9e47ae7f9c3) deltar i och upplever sig påverka utvecklingen, planeringen, produktionen och utvärderingen av [tjänsterna (1)](ce65737b-a5db-47e3-97cd-e610293bf5a1) och beslutsfattandet om tjänsterna i växelverkan med sakkunniga och med yrkesutbildade personer;state where [clients](8a68003e-97eb-47ae-b314-f9e47ae7f9c3) participate and feel they have impact on the development, planning, provision and evaluation of [services (1)](ce65737b-a5db-47e3-97cd-e610293bf5a1) and on related decision-making in interaction with experts and professionals;Asiakasosallisuus on sekä päämäärä itsessään että keino laadukkaiden ja yhdenvertaisten palvelujen tuottamiseksi ja saamiseksi.|Asiakasosallisuudessa korostuu asiakkaan kokemus, kun taas [asiakaslähtöisyydessä](4fcbe7b8-ed25-47e2-9e4a-9baf7cd66d51) näkökulma on [palvelunantajan](7a64ce01-8bb5-40bb-a805-d2157c236a20).|Suomeksi sekä [sosiaalihuollon](538eaf1a-4baf-4687-a3b2-82f538fccd20) että [terveydenhuollon asiakkaita](e2ce16ce-b02c-46a0-bf42-8f45c1493e30) kutsutaan asiakkaiksi ja [potilaat](4ecc5902-0290-450c-8cd8-304b212bf93b) ovat terveydenhuollon asiakkaita. Ruotsin kielen termi kund on sosiaali- ja terveydenhuollon uudistuksen yhteydessä valittu käytettäväksi tilanteissa, joissa viitataan sekä sosiaalihuollon asiakkaisiin (klienter inom socialvården) että terveydenhuollon asiakkaisiin (kunder inom hälso- och sjukvården). Uudistuksen myötä ruotsiksi käytetään termiä klient vain, jos on kyse sosiaalihuollon asiakkaista. Aiemmin ruotsiksi on joissakin yhteyksissä käytetty klient-termiä yläkäsitteenä sekä sosiaalihuollon asiakkaista että terveydenhuollon asiakkaista.;Kunddelaktighet är både ett mål i sig och ett sätt att producera och få högklassiga tjänster (1) på lika villkor.|I kunddelaktigheten framhävs kundens erfarenhet, medan perspektivet i [kundorienteringen](4fcbe7b8-ed25-47e2-9e4a-9baf7cd66d51) är [tjänstetillhandahållarens](7a64ce01-8bb5-40bb-a805-d2157c236a20).|I och med social- och hälsovårdsreformen har termen kund börjat användas som överbegrepp när såväl [klienter inom socialvården](538eaf1a-4baf-4687-a3b2-82f538fccd20) som [kunder inom hälso- och sjukvården](e2ce16ce-b02c-46a0-bf42-8f45c1493e30) och [patienter](4ecc5902-0290-450c-8cd8-304b212bf93b) avses. På finska används termen asiakas inom både [socialvården](e6037259-108e-4c33-9e82-951100f94126) och hälso- och sjukvården. På svenska används termen klient när det enbart är fråga om socialvård. Tidigare har termen klient i vissa sammanhang använts som överbegrepp när både klienter inom socialvården och kunder inom hälso- och sjukvården avsetts.;Client involvement is both an end in itself and a means of providing and receiving quality services (1) equitably.|Client involvement emphasises the client’s experience, while the [client-oriented approach](4fcbe7b8-ed25-47e2-9e4a-9baf7cd66d51) is based on the [service enabler](7a64ce01-8bb5-40bb-a805-d2157c236a20)’s perspective.;;;;49941036-6607-3935-8bd3-f0c8823efddf;07e67a1c-826a-43b5-a05d-7866aab79c29;e6037259-108e-4c33-9e82-951100f94126|538eaf1a-4baf-4687-a3b2-82f538fccd20|4ecc5902-0290-450c-8cd8-304b212bf93b|e2ce16ce-b02c-46a0-bf42-8f45c1493e30|7a64ce01-8bb5-40bb-a805-d2157c236a20|8a68003e-97eb-47ae-b314-f9e47ae7f9c3|4fcbe7b8-ed25-47e2-9e4a-9baf7cd66d51|ce65737b-a5db-47e3-97cd-e610293bf5a1;
5903ca2f-8c0b-49dc-985a-eade0b056f21;hyvinvointialue;välfärdsområde (n);wellbeing services county;;;county;;;;;välfärdsregion;wellbeing services region|welfare region|welfare services region|welfare county|welfare services county;itsehallinnollinen julkisyhteisö, jolla on vastuu julkisesti rahoitetun [sosiaali- ja terveydenhuollon](6c42523a-7cc3-4ed3-a374-4a336690855c) sekä pelastustoimen järjestämisestä omalla toiminta-alueellaan;självstyrande offentligt samfund som ansvarar för ordnandet av offentligt finansierad [social- och hälsovård](6c42523a-7cc3-4ed3-a374-4a336690855c) och för ordnandet av räddningsväsendet inom sitt eget verksamhetsområde;self-governing public entity responsible for organising publicly funded [healthcare and social welfare](6c42523a-7cc3-4ed3-a374-4a336690855c) and rescue services in its geographical area of operation;Vrt. [sosiaali- ja terveydenhuollon järjestämisvastuu](07631ae9-129a-4fa4-b470-6e63300f68af).|Hyvinvointialueelle kuuluvia hyvinvoinnin ja terveyden edistämisen tehtäviä ovat esimerkiksi ehkäisevien sosiaali- ja terveyspalvelujen järjestäminen, tarvittavien [sosiaali-](40eb9e9e-c947-4e30-81d3-c51a16d8eb03) ja [terveyspalvelujen](91bb5832-cc6d-45ca-8fa4-3d833afe8692) tuottaminen, hyvinvoinnin ja terveyden edistämisen käsittely [sosiaali- ja terveydenhuollon palvelustrategiassa](106a1777-d3e4-4f0c-9e7f-1e3ff78da429), hyvinvoinnin ja terveyden edistämisen sisällyttäminen [sosiaali- ja terveyspalvelujen tuottajien](a7b79b5e-01a6-4433-85fa-1a88630caf33) kanssa tehtäviin sopimuksiin sekä [asiakasosallisuuden](43d24e40-e871-4af5-b488-044a4cba68e7) vahvistaminen.|Hyvinvointialue on valtion ja kunnan ohella yksi julkisen hallinnon itsehallintoyksiköistä. Hyvinvointialueen ylin päättävä elin valitaan aluevaaleilla. Hyvinvointialueiden toiminta-alueet noudattavat nykyistä maakuntajakoa Uuttamaata lukuun ottamatta.|Termillä hyvinvointialue voidaan viitata itsehallinnollisen julkisyhteisön lisäksi myös julkisyhteisön toiminta-alueeseen.|Koska nykyisten maakuntien yhteydessä käytetään englanninkielisiä termejä region ja regional, hyvinvointialueisiin viitatessa englanniksi käytetään county-sanan pohjalta muodostettua termiä wellbeing services county. Samassa tekstissä toistuessa hyvinvointialueen englanninkielisenä vastineena voidaan käyttää myös pelkkää county-sanaa. Hyvinvointialueisiin liittyviä yhdyssanoja muodostetaan joskus pelkän county-sanan kanssa, esim. aluevaltuusto on county council (ei regional council) tai aluevaalit on county election.;Jfr [ansvar för att ordna social- och hälsovård](07631ae9-129a-4fa4-b470-6e63300f68af).|Exempel på välfärdsområdets uppgifter inom främjande av välfärd och hälsa är att ordna förebyggande social- och hälsovårdstjänster, att producera behövlig [socialservice (1)](40eb9e9e-c947-4e30-81d3-c51a16d8eb03) och behövliga [hälso- och sjukvårdstjänster](91bb5832-cc6d-45ca-8fa4-3d833afe8692), att behandla främjande av välfärd och hälsa i [servicestrategin för social- och hälsovården](106a1777-d3e4-4f0c-9e7f-1e3ff78da429), att inkludera främjande av välfärd och hälsa i de avtal som ingås med [producenter av social- och hälsovårdstjänster](a7b79b5e-01a6-4433-85fa-1a88630caf33) samt att stärka [kunddelaktigheten](43d24e40-e871-4af5-b488-044a4cba68e7).|Välfärdsområdet är vid sidan av staten och kommunen en av självstyrelseenheterna inom den offentliga förvaltningen. Välfärdsområdets högsta beslutande organ väljs genom välfärdsområdesval. Välfärdsområdenas verksamhetsområden följer den nuvarande landskapsindelningen med undantag för Nyland.|Termen välfärdsområde kan utöver ett självstyrande offentligt samfund också avse ett sådant offentligt samfunds verksamhetsområde.;"See [responsibility for organising healthcare and social welfare](07631ae9-129a-4fa4-b470-6e63300f68af).|Tasks of the wellbeing services counties that are related to the promotion of health and wellbeing include organising preventive health and social services, providing necessary [health services](91bb5832-cc6d-45ca-8fa4-3d833afe8692) and [social services](40eb9e9e-c947-4e30-81d3-c51a16d8eb03), discussing the promotion of health and wellbeing in the [strategy for healthcare and social welfare services](106a1777-d3e4-4f0c-9e7f-1e3ff78da429), including the promotion of health and wellbeing in the agreements concluded with [providers of health and social services](a7b79b5e-01a6-4433-85fa-1a88630caf33) and reinforcing [client involvement](43d24e40-e871-4af5-b488-044a4cba68e7).|Wellbeing services counties are self-governing public entities, alongside central government and local government. The highest decision-making body of each wellbeing services county is elected by county elections. The geographical areas of operation of the wellbeing services counties correspond to the existing division into regions, with the exception of the region of Uusimaa.|The term ‘wellbeing services county’ can refer to both the self-governing public entity and the public entity’s geographical area of operation.|To avoid confusion with ‘region’, which is the English equivalent of the current ‘maakunta’, the English equivalent of ‘hyvinvointialue’ uses the word ‘county’. The shorter form ‘county’ may be used when the term ‘wellbeing services county’ is repeated in the same text. Compound words related to wellbeing services counties are sometimes formed using the shorter form ‘county’, e.g., county council (not regional council) for ‘aluevaltuusto’ and county election for ‘aluevaalit’. ";;;;49941036-6607-3935-8bd3-f0c8823efddf;07e67a1c-826a-43b5-a05d-7866aab79c29;6c42523a-7cc3-4ed3-a374-4a336690855c|43d24e40-e871-4af5-b488-044a4cba68e7|40eb9e9e-c947-4e30-81d3-c51a16d8eb03|106a1777-d3e4-4f0c-9e7f-1e3ff78da429|a7b79b5e-01a6-4433-85fa-1a88630caf33|07631ae9-129a-4fa4-b470-6e63300f68af|91bb5832-cc6d-45ca-8fa4-3d833afe8692;
79f18e3a-bc84-4216-af2e-5826dfbabf65;kunnan hyvinvointikertomus ja -suunnitelma;kommunens välfärdsberättelse och välfärdsplan;municipality’s account and plan on wellbeing;;;municipality’s wellbeing account and plan|wellbeing account and plan for the municipality;;;municipal wellbeing account and plan;;;municipality’s report and plan on wellbeing|municipality’s wellbeing report and plan|wellbeing report and plan for the municipality|municipal wellbeing report and plan|municipality’s welfare report and plan|welfare report and plan for the municipality;kunnassa laadittava asiakirja, joka sisältää tietoa kuntalaisten hyvinvoinnista, terveydestä ja toimintakyvystä, hyvinvointia ja terveyttä edistävistä kunnan toimista sekä näitä koskevista konkreettisista tavoitteista ja toimenpiteistä;dokument som utarbetas i kommunen och som innehåller information om kommuninvånarnas välfärd, hälsa och funktionsförmåga, om kommunens åtgärder som främjar välfärd och hälsa samt om konkreta mål och åtgärder som gäller detta;document drawn up by a municipality containing information about the health, wellbeing and functioning of the residents of the municipality, the measures the municipality has adopted to promote health and wellbeing and related concrete objectives and measures;Kunnan hyvinvointikertomus ja -suunnitelma valmistellaan kerran valtuustokaudessa, ja sen tavoitteita ja toimenpiteitä päivitetään vuosittain osana kuntasuunnittelua. Kunnan hyvinvointikertomus ja -suunnitelma on toimitettava [hyvinvointialueelle](5903ca2f-8c0b-49dc-985a-eade0b056f21) ja julkaistava julkisessa tietoverkossa.|Kunnan hyvinvointikertomuksessa ja -suunnitelmassa tulee tarkastella erityisesti väestöryhmien välisiä sekä alueellisia hyvinvointi- ja terveyseroja.|Kunnan on hyvinvoinnin ja terveyden edistämisessä toimittava yhteistyössä hyvinvointialueen kanssa ja tuettava sitä asiantuntemuksellaan.|Nykytilan kuvaamisessa termi account on toimivampi kuin report, joka viittaa yleensä menneeseen. Englanniksi lauseyhteydestä riippuen voi olla perusteltua käyttää termiä monikollisena, jolloin englanninkielinen vastine on esim. municipalities’ accounts and plans on wellbeing tai municipalities’ wellbeing accounts and plans.;Kommunens välfärdsberättelse och välfärdsplan bereds en gång per fullmäktigeperiod, och dess mål och åtgärder uppdateras årligen som en del av kommunplaneringen. Kommunens välfärdsberättelse och välfärdsplan ska lämnas till [välfärdsområdet](5903ca2f-8c0b-49dc-985a-eade0b056f21) och publiceras i det allmänna datanätet.|I kommunens välfärdsberättelse och välfärdsplan ska särskilt välfärds- och hälsoskillnader mellan befolkningsgrupperna samt mellan regionerna granskas.|Kommunen ska i fråga om främjande av välfärd och hälsa samarbeta med välfärdsområdet och stödja det med sin sakkunskap.;The municipality’s account and plan on wellbeing is prepared once during each council term, and its objectives and measures are updated annually as part of municipal planning. The municipality’s account and plan on wellbeing must be submitted to the [wellbeing services county](5903ca2f-8c0b-49dc-985a-eade0b056f21) and published in a public information network.|The municipality’s account and plan on wellbeing must pay particular attention to differences in health and wellbeing between population groups and regions.|In promoting health and wellbeing, the municipality must cooperate with the wellbeing services county and support it with its expertise.|When describing the current state, it is better to use the term ‘account’ instead of the term ‘report’, which generally refers to the past. Depending on the context, there may be reasons to use a plural form of the term, e.g., municipalities’ accounts and plans on wellbeing or municipalities’ wellbeing accounts and plans.;;;;49941036-6607-3935-8bd3-f0c8823efddf;07e67a1c-826a-43b5-a05d-7866aab79c29;5903ca2f-8c0b-49dc-985a-eade0b056f21;
fbfe3b36-7f0f-4f47-bca2-cbd3e99f18e6;matalan kynnyksen toimintamalli;lågtröskelmodell;low-threshold system;;;;;;;;;;erityisesti perustason [sosiaali-](40eb9e9e-c947-4e30-81d3-c51a16d8eb03) ja [terveyspalvelujen](91bb5832-cc6d-45ca-8fa4-3d833afe8692) toteutuksessa käytettävä toimintamalli, jonka tavoitteena on helpottaa ja nopeuttaa palveluihin pääsyä;verksamhetsmodell som tillämpas särskilt vid givandet av [socialservice (1)](40eb9e9e-c947-4e30-81d3-c51a16d8eb03) och [hälso- och sjukvårdstjänster](91bb5832-cc6d-45ca-8fa4-3d833afe8692) på basnivå och som syftar till att kunden lättare och snabbare ska få tjänster;system used especially in the delivery of primary [health services](91bb5832-cc6d-45ca-8fa4-3d833afe8692) and primary [social services](40eb9e9e-c947-4e30-81d3-c51a16d8eb03) aiming to make access to services easier and faster;Matalan kynnyksen toimintamallin tarkoituksena voi olla esimerkiksi varhaisen tuen palvelujen antaminen, perustason sosiaali- ja terveyspalveluihin ohjaaminen tai erityisesti haavoittuvassa asemassa olevien ryhmien tavoittaminen. Tällä tavalla tuotettuja palveluja on yleensä mahdollista saada ilman ajanvarausta ja lähetettä. Matalan kynnyksen toimintamallia käytettäessä ei välttämättä synny lainkaan asiakkuutta tai asiakkuus syntyy vasta myöhemmin, kun henkilö on ohjattu käyttämään tiettyä sosiaali- tai terveyspalvelua. Matalan kynnyksen toimintamallia voidaan soveltaa myös julkisen sektorin ja kolmannen sektorin yhteistyönä toteutettaviin palveluihin.;Syftet med lågtröskelmodellen kan t.ex. vara att ge tidigt stöd, att hänvisa dem som behöver socialservice (1) och hälso- och sjukvårdstjänster på basnivå till tjänsterna eller att nå särskilt utsatta grupper. De tjänster som produceras på detta sätt kan i allmänhet fås utan tidsbokning och remiss. När lågtröskelmodellen används uppstår det inte nödvändigtvis något kundförhållande eller så uppstår kundförhållandet först senare när personen har hänvisats till att använda en viss socialservice (1) eller hälso- och sjukvårdstjänst. Lågtröskelmodellen kan också tillämpas i tjänster som ges av den offentliga sektorn och tredje sektorn tillsammans.;The low-threshold system can provide early support services, refer clients to primary health services and primary social services or reach vulnerable groups. Services provided in this way can usually be accessed without appointment or referral. Using the low-threshold system does not necessarily create a client relationship or the relationship is eventually created once the individual has been referred to using a given health or social service. The low-threshold system can even be applied to services that the public sector and the third sector deliver together.;;;;49941036-6607-3935-8bd3-f0c8823efddf;07e67a1c-826a-43b5-a05d-7866aab79c29;40eb9e9e-c947-4e30-81d3-c51a16d8eb03|91bb5832-cc6d-45ca-8fa4-3d833afe8692;
ce65737b-a5db-47e3-97cd-e610293bf5a1;palvelu;tjänst (1);service (1);;service (1);;;;;;;;organisoidun toiminnan tuloksena syntyvä aineeton hyödyke, joka kulutetaan tai koetaan;immateriell nyttighet som är ett resultat av organiserad verksamhet och som konsumeras eller upplevs;intangible commodity, resulting from organised activities, which is either consumed or experienced;Ruotsin kielessä service on usein laajempi käsite kuin tjänster ja sitä pidetään kollektiivisena sanana palveluille.;Termen service är ofta ett bredare begrepp än termen tjänst och uppfattas som ett kollektivt ord för tjänster.;;;;;49941036-6607-3935-8bd3-f0c8823efddf;07e67a1c-826a-43b5-a05d-7866aab79c29;;2ae43c8d-548e-4c41-a423-d13d8eb8969a
c71ead15-6257-4159-9388-b56967b655d8;lähipalvelu;närservice;locally accessible service;;närtjänst;;;;;;;;"[palvelu](ce65737b-a5db-47e3-97cd-e610293bf5a1), jota annetaan [asiakkaan](8a68003e-97eb-47ae-b314-f9e47ae7f9c3) päivittäisessä elinympäristössä tai tarjotaan asiakkaille helposti saavutettavana sähköisenä palveluna ";"[tjänst (1)](ce65737b-a5db-47e3-97cd-e610293bf5a1) som tillhandahålls i [kundens](8a68003e-97eb-47ae-b314-f9e47ae7f9c3) dagliga livsmiljö eller som erbjuds kunden i form av en lättillgänglig elektronisk tjänst ";"[service (1)](ce65737b-a5db-47e3-97cd-e610293bf5a1) provided in the daily living environment of [clients](8a68003e-97eb-47ae-b314-f9e47ae7f9c3) or available as an easily accessible electronic service ";Osa [sosiaali-](40eb9e9e-c947-4e30-81d3-c51a16d8eb03) ja [terveyspalveluista](91bb5832-cc6d-45ca-8fa4-3d833afe8692) on perusteltua järjestää lähipalveluina joko palvelun luonteen vuoksi (esim. kotihoito) tai siksi, että asiakkaat tarvitsevat niitä usein tai toistuvasti.|Lähipalvelu voidaan toteuttaa esimerkiksi liikkuvassa suunhoidon yksikössä tai rokotusbussissa lähellä asiakasta.|Ruotsinkielistä närtjänst-termiä käytetään tavallisimmin monikossa.;Det är motiverat att en del av [social-](40eb9e9e-c947-4e30-81d3-c51a16d8eb03) och [hälsovårdstjänsterna](91bb5832-cc6d-45ca-8fa4-3d833afe8692) ordnas som närservice antingen på grund av tjänstens karaktär (t.ex. hemvård) eller på grund av att kunderna behöver dem ofta eller upprepade gånger.|Närservice kan ges t.ex. vid en mobil mun- och tandvårdsenhet eller i en vaccinationsbuss nära kunden.|Termen närtjänst används vanligen i pluralis.;There are good reasons for organising some [health services](91bb5832-cc6d-45ca-8fa4-3d833afe8692) and [social services](40eb9e9e-c947-4e30-81d3-c51a16d8eb03) as locally accessible services either because of the nature of the service (e.g., home care) or because clients need them often or regularly.|Examples of locally accessible services delivered close to clients include mobile oral health units and mobile vaccination units.;;;;49941036-6607-3935-8bd3-f0c8823efddf;ce65737b-a5db-47e3-97cd-e610293bf5a1;40eb9e9e-c947-4e30-81d3-c51a16d8eb03|91bb5832-cc6d-45ca-8fa4-3d833afe8692|8a68003e-97eb-47ae-b314-f9e47ae7f9c3;
37a56dd8-761d-4f78-8adf-45f0e1ac3003;sosiaali- ja terveydenhuollon yhteinen palvelu;socialvårdens och hälso- och sjukvårdens gemensamma service;integrated healthcare and social welfare service;;gemensam tjänst för socialvården och hälso- och sjukvården|socialvårdens och hälso- och sjukvårdens gemensamma tjänster (pl);;;;;;;;[palvelu](ce65737b-a5db-47e3-97cd-e610293bf5a1), jonka tarkoituksena on edistää samanaikaisesti sekä [asiakkaan](8a68003e-97eb-47ae-b314-f9e47ae7f9c3) sosiaalista hyvinvointia että hänen terveyttään ja toimintakykyään sekä ehkäistä, vähentää ja poistaa sosiaalisia ja terveysongelmia;[tjänst (1)](ce65737b-a5db-47e3-97cd-e610293bf5a1) vars syfte är att samtidigt främja både [kundens](8a68003e-97eb-47ae-b314-f9e47ae7f9c3) sociala välfärd och kundens hälsa och funktionsförmåga och att förebygga, minska och undanröja sociala problem och hälsoproblem;[service (1)](ce65737b-a5db-47e3-97cd-e610293bf5a1) to promote simultaneously the health, functioning and social wellbeing of [clients](8a68003e-97eb-47ae-b314-f9e47ae7f9c3) and to prevent, reduce and eliminate health and social problems;Sosiaali- ja terveydenhuollon yhteisen palvelun tuottamiseen osallistuu sekä sosiaalihuollon että terveydenhuollon ammattihenkilöitä. Kotihoito on esimerkki sosiaalihuoltolain mukaisesta palvelusta, jossa huomioidaan asiakkaan sosiaalinen hyvinvointi, terveys ja toimintakyky.|Sosiaali- ja terveydenhuollon yhteisissä palveluissa on sovellettava niitä [sosiaali- ja terveydenhuollon](6c42523a-7cc3-4ed3-a374-4a336690855c) säännöksiä, jotka turvaavat asiakkaan edun mukaisesti parhaalla tavalla hänen tuen tarpeitaan vastaavat palvelut ja hoidon.|Vrt. myös [sosiaali- ja terveyspalvelujen yhteensovittaminen](79bb0b09-ee77-4cdc-a72a-082a1424f3f6).|Ruotsiksi käytetään ensisijaisesti termiä socialvårdens och hälso- och sjukvårdens gemensamma service, mutta termiä gemensam tjänst för socialvården och hälso- och sjukvården käytetään, kun on kyse yksittäisestä palvelusta.|Englanninkielisen termin osat (health ja social) ovat aina päinvastaisessa järjestyksessä kuin suomenkielisessä termissä paitsi vakiintuneissa erisnimissä kuten Ministry of Social Affairs and Health. Englanninkielinen termi healthcare kirjoitetaan yhdyssanana ilman yhdysviivaa.;I produktionen av socialvårdens och hälso- och sjukvårdens gemensamma service deltar yrkesutbildade personer inom både socialvården och hälso- och sjukvården. Hemvård är ett exempel på service enligt socialvårdslagen där klientens sociala välfärd, hälsa och funktionsförmåga beaktas.|Inom socialvårdens och hälso- och sjukvårdens gemensamma service ska de bestämmelser inom [social- och hälsovården](6c42523a-7cc3-4ed3-a374-4a336690855c) tillämpas som i enlighet med kundens intresse bäst tryggar den service och vård som motsvarar hans eller hennes behov.|Jfr även [samordning av social- och hälsovårdstjänster](79bb0b09-ee77-4cdc-a72a-082a1424f3f6).|I första hand används termen socialvårdens och hälso- och sjukvårdens gemensamma service, men termen gemensam tjänst för socialvården och hälso- och sjukvården används när det är fråga om en enskild tjänst.;Both healthcare professionals and social welfare professionals are involved in the provision of integrated healthcare and social welfare services. Home care is an example of a service under the Social Welfare Act that takes into account the health, functioning and social wellbeing of clients.|Integrated healthcare and social welfare services are governed by the provisions on [healthcare and social welfare](6c42523a-7cc3-4ed3-a374-4a336690855c) that secure clients the services and care they need in ways that serve their interests in the best possible way.|See also [integration of health and social services](79bb0b09-ee77-4cdc-a72a-082a1424f3f6).|The parts of the English term (‘health’ and ‘social’) are always in reverse order compared to the Finnish term, except in established proper names, such as ‘Ministry of Social Affairs and Health’. The English term ‘healthcare’ is written as a compound word without a hyphen.;;;;49941036-6607-3935-8bd3-f0c8823efddf;ce65737b-a5db-47e3-97cd-e610293bf5a1;6c42523a-7cc3-4ed3-a374-4a336690855c|8a68003e-97eb-47ae-b314-f9e47ae7f9c3|79bb0b09-ee77-4cdc-a72a-082a1424f3f6;
40eb9e9e-c947-4e30-81d3-c51a16d8eb03;sosiaalipalvelu;socialservice (1);social service;;socialvårdstjänst;social welfare service;sosiaalihuollon palvelu;sociala tjänster (pl);;;socialtjänst (2);;[palvelu](ce65737b-a5db-47e3-97cd-e610293bf5a1), jonka tarkoituksena on edistää [asiakkaan](8a68003e-97eb-47ae-b314-f9e47ae7f9c3) sosiaalista hyvinvointia, toimintakykyä ja osallisuutta sekä ehkäistä, vähentää ja poistaa sosiaalisia ongelmia;[tjänst (1)](ce65737b-a5db-47e3-97cd-e610293bf5a1) vars syfte är att främja [klientens (2)](8a68003e-97eb-47ae-b314-f9e47ae7f9c3) sociala välfärd, funktionsförmåga och delaktighet samt att förebygga, minska och undanröja sociala problem;[service (1)](ce65737b-a5db-47e3-97cd-e610293bf5a1) to promote the social wellbeing, functioning and inclusion of [clients](8a68003e-97eb-47ae-b314-f9e47ae7f9c3) and to prevent, reduce and eliminate social problems;Sosiaalipalveluja voidaan antaa sekä julkisen että yksityisen toimijan tarjoamina palveluina. Julkinen toimija voi antaa sosiaalipalveluja myös hankkimalla niitä yksityisiltä toimijoilta.|Sosiaalipalvelut voidaan jakaa perustason ja erityistason sosiaalipalveluihin. Erityistason sosiaalipalveluja annetaan silloin, kun perustason sosiaalipalvelut eivät ole riittäviä tai tarkoituksenmukaisia.|Pääsääntöisesti sosiaalipalveluja tuottavat sosiaalihuollon ammattihenkilöt. Joitakin sosiaalipalveluja voivat tuottaa myös yksityishenkilöt, jotka eivät ole sosiaalihuollon ammattihenkilöitä. Sosiaalihuollon ammattihenkilöstä on säädetty sosiaalihuollon ammattihenkilöistä annetussa laissa ([817/2015](https://www.finlex.fi/fi/laki/ajantasa/2015/20150817)).|Ensisijainen ruotsinkielinen termi on socialservice. Socialvårdstjänst esiintyy tavallisesti yhdistelmässä sosiaali- ja terveyspalvelut (social- och hälsovårdstjänster). Socialtjänst-termiä ei pidä käyttää tässä merkityksessä, sillä sen voi virheellisesti katsoa viittaavan kollektiivisesti koko toimintaan (sosiaalihuoltoon) tai organisaatioon (vrt. Socialtjänsten Ruotsissa).;Socialservice (1) kan tillhandahållas i form av service som erbjuds av både offentliga och privata aktörer. En offentlig aktör kan tillhandahålla socialservice (1) också genom att skaffa den av privata aktörer.|Socialservice (1) kan delas in i socialservice på basnivå och socialservice på specialiserad nivå. Socialservice på specialiserad nivå tillhandahålls när socialservicen på basnivå inte är tillräcklig eller ändamålsenlig.|I regel produceras socialservice (1) av yrkesutbildade personer inom socialvården. Viss socialservice (1) kan också produceras av privatpersoner som inte är yrkesutbildade personer inom socialvården. Bestämmelser om yrkesutbildade personer inom socialvården finns i lagen om yrkesutbildade personer inom socialvården ([817/2015](https://www.finlex.fi/sv/laki/ajantasa/2015/20150817)).|I första hand används termen socialservice. Socialvårdstjänst förekommer vanligen i sammansättningen [social- och hälsovårdstjänster](7890231b-c493-41f3-9e9b-3e6ba2b66601). Termen socialtjänst bör inte användas i denna betydelse, eftersom den felaktigt kan uppfattas kollektivt som hela verksamheten (socialvården) eller som organisationen (jfr Socialtjänsten i Sverige).;Social services can be provided by both public and private bodies. Public bodies can also provide social services by procuring them from private bodies.|Social services are divided into primary social services and specialised social services. Specialised social services are provided when primary social services are not sufficient or fit for purpose.|As a rule, social services are provided by social welfare professionals. Some social services can be provided by private individuals who are not social welfare professionals. Provisions on social welfare professionals are laid down in the Act on Social Welfare Professionals (817/2015).;;;;49941036-6607-3935-8bd3-f0c8823efddf;ce65737b-a5db-47e3-97cd-e610293bf5a1;8a68003e-97eb-47ae-b314-f9e47ae7f9c3|7890231b-c493-41f3-9e9b-3e6ba2b66601;
91bb5832-cc6d-45ca-8fa4-3d833afe8692;terveyspalvelu;hälso- och sjukvårdstjänst;health service;terveydenhuollon palvelu;hälso- och sjukvårdsservice;healthcare service;terveydenhuoltopalvelu;> hälsovårdstjänst|> hälsovårdsservice|< hälsotjänst;;;;;terveydenhuollon ammattihenkilön tarjoama tai antama [palvelu](ce65737b-a5db-47e3-97cd-e610293bf5a1), jonka tarkoituksena on määrittää henkilön terveydentila ja palauttaa hänen terveytensä tai ylläpitää sitä;[tjänst (1)](ce65737b-a5db-47e3-97cd-e610293bf5a1) som erbjuds eller tillhandahålls av en yrkesutbildad person inom hälso- och sjukvården och vars syfte är att fastställa en persons hälsotillstånd och återställa eller upprätthålla det.;[service (1)](ce65737b-a5db-47e3-97cd-e610293bf5a1) provided or delivered by a healthcare professional for determining a person’s state of health and for restoring or maintaining their health;Terveyspalvelut kattavat myös ennaltaehkäisevät palvelut sekä toimintakykyä parantavat ja ylläpitävät toimet.|Julkisesti rahoitetut terveyspalvelut voidaan jakaa perustason ja erityistason terveyspalveluihin. Terveyspalvelut voivat kuulua perusterveydenhuoltoon tai erikoissairaanhoitoon.|Terveyspalveluja voidaan antaa sekä julkisen että yksityisen toimijan tarjoamina palveluina. Julkinen toimija voi antaa terveyspalveluja myös hankkimalla niitä yksityisiltä toimijoilta.|Terveydenhuollon ammattihenkilöstä on säädetty terveydenhuollon ammattihenkilöistä annetussa laissa ([559/1994](https://finlex.fi/fi/laki/ajantasa/1994/19940559)).|Kun suomen käsitteeseen terveyspalvelu viitataan ruotsinkielisellä termillä, termin määriteosana suositellaan käytettäväksi hälso- och sjukvårds-. Yhdistelmä tarvitaan, koska hälsovård ja sjukvård yhdessä vastaavat suomen [terveydenhuollon](daa886fb-09d8-487d-80fc-59aaca87d74d) käsitettä. Hälsovård puolestaan vastaa suomen käsitettä terveydenhoito, jolla tarkoitetaan hyvän terveydentilan edistämistä ja sairauksien ehkäisemistä.|Englanninkielinen termi healthcare kirjoitetaan yhdyssanana ilman yhdysviivaa.;Hälso- och sjukvårdstjänsterna omfattar också förebyggande tjänster samt åtgärder som förbättrar och upprätthåller funktionsförmågan.|Offentligt finansierade hälso- och sjukvårdstjänster kan delas in i hälso- och sjukvårdstjänster på basnivå och hälso- och sjukvårdstjänster på specialiserad nivå. Hälso- och sjukvårdstjänsterna kan höra till primärvården eller den specialiserade sjukvården.|Hälso- och sjukvårdstjänster kan tillhandahållas i form av tjänster som erbjuds av både offentliga och privata aktörer. En offentlig aktör kan tillhandahålla hälso- och sjukvårdstjänster också genom att skaffa dem av privata aktörer.|Bestämmelser om yrkesutbildade personer inom hälso- och sjukvården finns i lagen om yrkesutbildade personer inom hälso- och sjukvården ([559/1994](https://finlex.fi/sv/laki/ajantasa/1994/19940559)).|Förleden hälso- och sjukvårds- används på svenska både när man talar om terveyspalvelu och när man talar om terveydenhuollon palvelu på finska. På svenska nämns både hälsovård och sjukvård, eftersom de tillsammans motsvarar begreppet terveydenhuolto. Termen hälsovård motsvarar begreppet terveydenhoito och omfattar främjande av ett gott hälsotillstånd och förebyggande av sjukdomar.;Health services also include preventive services and measures to improve and maintain functioning.|Publicly funded health services are divided into primary health services and specialised health services. Health services can be part of primary healthcare or specialised healthcare.|Health services can be provided by both public and private bodies. Public bodies can also provide health services by procuring them from private bodies.|Provisions on healthcare professionals are laid down in the Act on Health Care Professionals (559/1994).|The English term ‘healthcare’ is written as a compound word without a hyphen.;;;;49941036-6607-3935-8bd3-f0c8823efddf;ce65737b-a5db-47e3-97cd-e610293bf5a1;daa886fb-09d8-487d-80fc-59aaca87d74d;
d617b172-ad24-4312-841a-176df6828d0f;tukipalvelu;stödtjänst;support service;;stödservice;;;;;;;;toisen palvelun tuottamista tukeva tai ensisijaisena tarjottavaa palvelua täydentävä [palvelu](ce65737b-a5db-47e3-97cd-e610293bf5a1);[tjänst (1)](ce65737b-a5db-47e3-97cd-e610293bf5a1) som stöder produktionen av en annan tjänst (1) eller som kompletterar en tjänst (1) som erbjuds i första hand;[service (1)](ce65737b-a5db-47e3-97cd-e610293bf5a1) supporting the provision of another service (1) or complementing the provision of a principal service (1);[Terveydenhuollossa](daa886fb-09d8-487d-80fc-59aaca87d74d) tukipalveluja ovat esimerkiksi laboratorio- ja kuvantamispalvelut.|[Sosiaalihuollossa](e6037259-108e-4c33-9e82-951100f94126) tukipalveluja ovat esimerkiksi kotipalveluun kuuluvat vaatehuolto, siivous ja ateriapalvelu.|Tukipalvelu-termiä käytetään myös sellaisista hallinnollisista palveluista, jotka eivät liity suoraan [asiakkaalle](8a68003e-97eb-47ae-b314-f9e47ae7f9c3) annettavaan palveluun. Näitä ovat esimerkiksi talous- ja henkilöstöhallinnon palvelut sekä toimitila- ja kiinteistöpalvelut.|Ruotsiksi termiä stödservice käytetään usein kotipalvelun yhteydessä. Ruotsin kielessä service on usein laajempi käsite kuin tjänster ja sitä pidetään kollektiivisena sanana palveluille.;Inom [hälso- och sjukvården](daa886fb-09d8-487d-80fc-59aaca87d74d) omfattar stödtjänsterna t.ex. laboratorietjänster och bilddiagnostiska tjänster.|Inom [socialvården](e6037259-108e-4c33-9e82-951100f94126) omfattar stödtjänsterna t.ex. klädvård, städning och måltidsservice som ingår i hemservicen.|Termen stödtjänst används också för administrativa tjänster utan direkt samband med den tjänst (1) som tillhandahålls [kunden](8a68003e-97eb-47ae-b314-f9e47ae7f9c3). Sådana är t.ex. ekonomi- och personalförvaltningstjänster samt lokal- och fastighetstjänster.|Termen stödservice används ofta i samband med hemservice. Termen service är ofta ett bredare begrepp än termen tjänst och uppfattas som ett kollektivt ord för tjänster.;Examples of support services in [healthcare](daa886fb-09d8-487d-80fc-59aaca87d74d) include laboratory and imaging services.|Examples of support services in [social welfare](e6037259-108e-4c33-9e82-951100f94126) include laundry and clothes care, cleaning and meal service that are offered by home services.|The term ‘support service’ can also refer to administrative services that are not directly related to the services (1) provided to [clients](8a68003e-97eb-47ae-b314-f9e47ae7f9c3). These include finance and human resources management services and facilities and real estate management services.;;;;49941036-6607-3935-8bd3-f0c8823efddf;ce65737b-a5db-47e3-97cd-e610293bf5a1;daa886fb-09d8-487d-80fc-59aaca87d74d|e6037259-108e-4c33-9e82-951100f94126|8a68003e-97eb-47ae-b314-f9e47ae7f9c3;
2ae43c8d-548e-4c41-a423-d13d8eb8969a;palvelukokonaisuus;servicehelhet;service package;;tjänstehelhet|helhet av tjänster|~ samlade tjänster (pl);;;;;;;;[asiakkaan](8a68003e-97eb-47ae-b314-f9e47ae7f9c3) [palvelutarpeeseen](71e8aec6-e46f-4c62-b54b-69330dce3f44) tai asiakasryhmän tarpeisiin perustuva, useista [palveluista](ce65737b-a5db-47e3-97cd-e610293bf5a1) koostuva kokonaisuus, jonka järjestämiseen, tuottamiseen tai toteuttamiseen voi osallistua yksi tai useampi toimija;helhet som består av flera [tjänster (1)](ce65737b-a5db-47e3-97cd-e610293bf5a1), som baserar sig på [kundens](8a68003e-97eb-47ae-b314-f9e47ae7f9c3) [servicebehov](71e8aec6-e46f-4c62-b54b-69330dce3f44) eller kundgruppens behov och som en eller flera aktörer kan vara med om att ordna, producera eller ge;set of a number of [services (1)](ce65737b-a5db-47e3-97cd-e610293bf5a1) that is based on a [client](8a68003e-97eb-47ae-b314-f9e47ae7f9c3)’s [need for services](71e8aec6-e46f-4c62-b54b-69330dce3f44) or on the needs of a client group and that are organised, provided or delivered by one or more bodies;[Hyvinvointialue](5903ca2f-8c0b-49dc-985a-eade0b056f21) määrittelee palvelukokonaisuudessa eri palvelujen suhteet toisiinsa, palvelujen yhteensovittamisen periaatteet sekä [palveluntuottajien](a7b79b5e-01a6-4433-85fa-1a88630caf33) työnjaon ja vastuut. Palvelukokonaisuus voi olla suunnattu jollekin tietylle asiakasryhmälle, kuten iäkkäille henkilöille, kun taas [palvelupolku](1dda0952-308d-46df-832c-6d2d41687fa0) on suunniteltu ja toteutettu tietylle asiakkaalle. Palvelukokonaisuuksia ovat esimerkiksi työ- ja toimintakykyä tukeva palvelukokonaisuus sekä lasten, nuorten ja perheiden palvelukokonaisuus.;[Välfärdsområdet](5903ca2f-8c0b-49dc-985a-eade0b056f21) fastställer i en servicehelhet de olika tjänsternas förhållande till varandra, principerna för samordning av tjänsterna samt arbetsfördelningen och ansvaret mellan [tjänsteproducenterna](a7b79b5e-01a6-4433-85fa-1a88630caf33). En servicehelhet kan vara riktad till en viss kundgrupp, såsom äldre, medan en [servicestig](1dda0952-308d-46df-832c-6d2d41687fa0) har planerats för och getts till en viss kund. Exempel på servicehelheter är en servicehelhet som stöder arbets- och funktionsförmågan samt en servicehelhet för barn, unga och familjer.;[Wellbeing services counties](5903ca2f-8c0b-49dc-985a-eade0b056f21) determine the relationships between different services (1), the principles of service integration and the division of duties and responsibilities between [service providers](a7b79b5e-01a6-4433-85fa-1a88630caf33). Service packages may be designed for a specific client group, such as older persons, while [individual service paths](1dda0952-308d-46df-832c-6d2d41687fa0) are planned and delivered for an individual client. Examples of service packages include service packages to promote functioning and work ability and service packages for children, young people and families.;;;;49941036-6607-3935-8bd3-f0c8823efddf;07e67a1c-826a-43b5-a05d-7866aab79c29;5903ca2f-8c0b-49dc-985a-eade0b056f21|1dda0952-308d-46df-832c-6d2d41687fa0|a7b79b5e-01a6-4433-85fa-1a88630caf33|71e8aec6-e46f-4c62-b54b-69330dce3f44|8a68003e-97eb-47ae-b314-f9e47ae7f9c3;
9975895b-79e0-4c40-9adf-89a79acc06f7;palveluketju;servicekedja;service chain;;;;;;;;;;tietylle asiakasryhmälle tiettyyn tarpeeseen suunniteltujen perättäin tai osin yhtäaikaisesti toteutuvien [palvelujen](ce65737b-a5db-47e3-97cd-e610293bf5a1) muodostama [palvelukokonaisuus](2ae43c8d-548e-4c41-a423-d13d8eb8969a);[servicehelhet](2ae43c8d-548e-4c41-a423-d13d8eb8969a) bestående av [tjänster (1)](ce65737b-a5db-47e3-97cd-e610293bf5a1) som är avsedda för en viss kundgrupps specifika behov och som ges efter varandra eller delvis samtidigt;[service package](2ae43c8d-548e-4c41-a423-d13d8eb8969a) containing [services (1)](ce65737b-a5db-47e3-97cd-e610293bf5a1) planned for a specific client group for a specific need that are delivered successively or partly simultaneously;"[Sosiaali- ja terveyspalvelujen järjestäjän](a0d597ee-a002-4f44-8b16-76372676d1d5) on huolehdittava palveluketjujen kuvaamisesta. [Sosiaali- ja terveyspalvelujen tuottajien](a7b79b5e-01a6-4433-85fa-1a88630caf33) on toimittava yhteistyössä niin, ettei palveluissa ole viiveitä eikä palveluketjuissa katkoja.|Esimerkiksi aivohalvauspotilaille ennakolta suunniteltu palveluketju sisältää muun muassa akuuttihoidon, kuntoutuksen ja kotihoidon palveluja. ";"[Den som ordnar social- och hälsovårdstjänster](a0d597ee-a002-4f44-8b16-76372676d1d5) ska se till att servicekedjorna beskrivs. [Producenterna av social- och hälsovårdstjänster](a7b79b5e-01a6-4433-85fa-1a88630caf33) ska samarbeta så att det inte förekommer dröjsmål i tjänsterna eller avbrott i servicekedjorna.|Till exempel omfattar den servicekedja som på förhand planerats för strokepatienter bl.a. akutvård, rehabilitering och hemvårdstjänster. ";"[Organisers of health and social services](a0d597ee-a002-4f44-8b16-76372676d1d5) are responsible for describing the service chains. [Providers of health and social services](a7b79b5e-01a6-4433-85fa-1a88630caf33) must work together so that there are no delays in services or gaps in the service chains.|A pre-planned service chain for stroke patients, for example, includes acute-stage care, rehabilitation, and home care services, among other services. ";;;;49941036-6607-3935-8bd3-f0c8823efddf;2ae43c8d-548e-4c41-a423-d13d8eb8969a;a7b79b5e-01a6-4433-85fa-1a88630caf33|ce65737b-a5db-47e3-97cd-e610293bf5a1|a0d597ee-a002-4f44-8b16-76372676d1d5;
1dda0952-308d-46df-832c-6d2d41687fa0;palvelupolku;servicestig;individual service path;;;service path for individual clients|service path for individual customers;;;service path;;;;[asiakkaan](8a68003e-97eb-47ae-b314-f9e47ae7f9c3) [palvelutarpeeseen](71e8aec6-e46f-4c62-b54b-69330dce3f44) perustuva suunnitelmallinen, yksilöllisesti toteutettava ja vaiheittain etenevä kokonaisuus, joka koostuu useista eri [palveluista](ce65737b-a5db-47e3-97cd-e610293bf5a1) tai palveluprosesseista;systematisk, individuellt utformad och stegvis framskridande helhet, som bygger på [kundens](8a68003e-97eb-47ae-b314-f9e47ae7f9c3) [servicebehov](71e8aec6-e46f-4c62-b54b-69330dce3f44) och består av flera olika [tjänster (1)](ce65737b-a5db-47e3-97cd-e610293bf5a1) eller serviceprocesser;systematic, personalised and progressive set of different [services (1)](ce65737b-a5db-47e3-97cd-e610293bf5a1) or service processes that is based on a [client](8a68003e-97eb-47ae-b314-f9e47ae7f9c3)’s [need for services](71e8aec6-e46f-4c62-b54b-69330dce3f44);Palvelupolkuun kuuluvien palvelujen ohjaukselle ja seurannalle tulee nimetä vastuutaho, ja kaikkien palveluprosesseihin osallistuvien asiantuntijoiden ja ammattihenkilöiden tulee olla tietoisia yhteistyön ja tiedonkulun tarpeista. Palveluprosessilla tarkoitetaan yhteen tai useampaan palveluun tai muuhun tukeen liittyvää suunnitelmallista toimintosarjaa. Eri toimijoilla on erilaisia palveluprosesseja, mutta yleensä niihin kuuluu asian vireilletulo, [palvelutarpeen arviointi](580e57b6-e892-4588-b0ad-cd05b70c226e), asiakkuuden suunnittelu, palvelun järjestäminen, palvelun toteutus ja palvelun arviointi.|Palvelupolku-käsitettä käytetään [sosiaali- ja terveydenhuollon](6c42523a-7cc3-4ed3-a374-4a336690855c) lisäksi myös työvoimapalvelujen yhteydessä.;För styrningen och uppföljningen av de tjänster som omfattas av servicestigen ska det utses en ansvarig instans, och alla sakkunniga och yrkesutbildade personer som deltar i serviceprocesserna ska vara medvetna om behovet av samarbete och informationsutbyte. Med serviceprocess avses en systematisk serie av åtgärder som hänför sig till en eller flera tjänster eller annat stöd. Olika aktörer har olika serviceprocesser, men vanligen omfattar de anhängiggörande av ärendet, [bedömning av servicebehovet](580e57b6-e892-4588-b0ad-cd05b70c226e), planering av kundförhållanden, ordnande av service samt givande och utvärdering av tjänster.|Begreppet servicestig används utöver inom [social- och hälsovården](6c42523a-7cc3-4ed3-a374-4a336690855c) också i samband med arbetskraftsservice.;A responsible body must be appointed for the guidance and monitoring of the services (1) included in an individual service path, and all experts and professionals involved in the service processes must be aware of the need for cooperation and flow of information. Service process refers to a systematic series of functions that are related to one or more services or other support. While different bodies have different kinds of service processes, they usually include case commencement, [assessment of the need for services](580e57b6-e892-4588-b0ad-cd05b70c226e), planning of the client relationship and organisation, delivery and evaluation of the service.|In addition to [healthcare and social welfare](6c42523a-7cc3-4ed3-a374-4a336690855c), the concept of individual service paths is used in employment services.;;;;49941036-6607-3935-8bd3-f0c8823efddf;07e67a1c-826a-43b5-a05d-7866aab79c29;71e8aec6-e46f-4c62-b54b-69330dce3f44|6c42523a-7cc3-4ed3-a374-4a336690855c|8a68003e-97eb-47ae-b314-f9e47ae7f9c3|ce65737b-a5db-47e3-97cd-e610293bf5a1|580e57b6-e892-4588-b0ad-cd05b70c226e;
580e57b6-e892-4588-b0ad-cd05b70c226e;palvelutarpeen arviointi;bedömning av servicebehovet;assessment of the need for services;;;assessment of the client’s need for services|assessment of the customer’s need for services|< needs assessment;;;;;;;toiminta, jossa asiantuntija tai ammattihenkilö arvioi [asiakkaan](8a68003e-97eb-47ae-b314-f9e47ae7f9c3) [palvelutarvetta](71e8aec6-e46f-4c62-b54b-69330dce3f44) ja asiakkuuden edellytyksiä yhteistyössä asiakkaan kanssa sekä sitä, millä [palveluilla](ce65737b-a5db-47e3-97cd-e610293bf5a1) tarpeisiin pystytään vastaamaan;verksamhet där en sakkunnig eller en yrkesutbildad person i samarbete med kunden bedömer [kundens](8a68003e-97eb-47ae-b314-f9e47ae7f9c3) [servicebehov](71e8aec6-e46f-4c62-b54b-69330dce3f44) och förutsättningarna för ett kundförhållande samt bedömer genom vilka [tjänster (1)](ce65737b-a5db-47e3-97cd-e610293bf5a1) behoven kan tillgodoses;activities where an expert or a professional assesses a [client](8a68003e-97eb-47ae-b314-f9e47ae7f9c3)’s [need for services](71e8aec6-e46f-4c62-b54b-69330dce3f44) and the prerequisites for a client relationship together with the client and considers which [services (1)](ce65737b-a5db-47e3-97cd-e610293bf5a1) would meet the client’s needs.;Sosiaalihuoltolain ([1301/2014](https://finlex.fi/fi/laki/ajantasa/2014/20141301)) mukaan palvelutarpeen arviointi on aloitettava viivytyksettä. Eri asiakasryhmille on lainsäädännössä määritelty erilaisia määräaikoja. Palvelutarpeen arviointiin osallistuvat [sosiaalihuollon asiakas](538eaf1a-4baf-4687-a3b2-82f538fccd20), sosiaalihuollon ammattihenkilö ja tarvittaessa muut asiantuntijat sekä asiakkaan läheiset.|[Terveydenhuollossa](daa886fb-09d8-487d-80fc-59aaca87d74d) palvelutarpeen arviointi toteutuu yleensä hoidon tarpeen arviointina. Terveydenhuoltolain ([1326/2010](https://www.finlex.fi/fi/laki/ajantasa/2010/20101326)) mukaan hoidon tarve on arvioitava perustason terveyspalveluissa pääsääntöisesti ensimmäisen yhteydenoton aikana ja viimeistään kolmen arkipäivän kuluessa. Erityistason [terveyspalveluissa](91bb5832-cc6d-45ca-8fa4-3d833afe8692) hoidon tarpeen arviointi on aloitettava kolmen viikon kuluessa siitä, kun lähete on saapunut erityistason terveyspalvelua antavaan toimintayksikköön. Valtioneuvoston asetuksella ([583/2017](https://www.finlex.fi/fi/laki/ajantasa/2017/20170583)) säädetään kiireellisen hoidon perusteista ja päivystyksen erikoisalakohtaisista edellytyksistä.|[Sosiaali- ja terveydenhuollossa](6c42523a-7cc3-4ed3-a374-4a336690855c) palvelutarpeen arvioinnin tekee aina sosiaali- tai terveydenhuollon ammattihenkilö yhdessä asiakkaan kanssa. Ks. laki sosiaalihuollon ammattihenkilöistä ([817/2015](https://www.finlex.fi/fi/laki/ajantasa/2015/20150817)) ja laki terveydenhuollon ammattihenkilöistä ([559/1994](https://www.finlex.fi/fi/laki/ajantasa/1994/19940559)).;Enligt socialvårdslagen ([1301/2014](https://finlex.fi/sv/laki/ajantasa/2014/20141301)) ska bedömningen av servicebehovet inledas utan dröjsmål. I lagstiftningen har olika tidsfrister fastställts för olika kundgrupper. I bedömningen av servicebehovet deltar [klienten inom socialvården](538eaf1a-4baf-4687-a3b2-82f538fccd20), en yrkesutbildad person inom socialvården och vid behov andra sakkunniga samt klientens närstående.|Inom [hälso- och sjukvården](daa886fb-09d8-487d-80fc-59aaca87d74d) sker bedömningen av servicebehovet vanligen i form av en bedömning av vårdbehovet. Enligt hälso- och sjukvårdslagen ([1326/2010](https://www.finlex.fi/sv/laki/ajantasa/2010/20101326)) ska vårdbehovet i fråga om hälso- och sjukvårdstjänster på basnivå i regel bedömas under den första kontakten och senast inom tre vardagar. I fråga om [hälso- och sjukvårdstjänster](91bb5832-cc6d-45ca-8fa4-3d833afe8692) på specialiserad nivå ska bedömningen av vårdbehovet inledas inom tre veckor från det att en remiss har kommit in till den verksamhetsenhet som tillhandahåller hälso- och sjukvårdstjänster på specialiserad nivå. Ytterligare bestämmelser finns i statsrådets förordning om grunderna för brådskande vård och förutsättningarna för jour inom olika medicinska verksamhetsområden ([583/2017](https://www.finlex.fi/sv/laki/ajantasa/2017/20170583)).|Inom [social- och hälsovården](6c42523a-7cc3-4ed3-a374-4a336690855c) görs bedömningen av servicebehovet alltid av en yrkesutbildad person inom socialvården eller hälso- och sjukvården tillsammans med kunden. Se lagen om yrkesutbildade personer inom socialvården ([817/2015](https://www.finlex.fi/sv/laki/ajantasa/2015/20150817)) och lagen om yrkesutbildade personer inom hälso- och sjukvården ([559/1994](https://www.finlex.fi/sv/laki/ajantasa/1994/19940559)).;Under the Social Welfare Act (1301/2014), the assessment of the need for services must be initiated without delay. The legislation defines different timeframes for different client groups. The parties involved in the assessment of the need for services are the [social welfare client](538eaf1a-4baf-4687-a3b2-82f538fccd20), a social welfare professional and, where necessary, other experts and the client’s relatives or other close persons.|In [healthcare](daa886fb-09d8-487d-80fc-59aaca87d74d), the assessment of the need for services is usually an assessment of the need for treatment. Under the Health Care Act (1326/2010), as a rule, the need for treatment in primary health services must be assessed during the first contact and within three working days at the latest. In specialised [health services](91bb5832-cc6d-45ca-8fa4-3d833afe8692), the assessment of the need for treatment must be initiated within three weeks of the arrival of the referral at the unit providing specialised health services. The Government Decree (583/2017) lays down provisions on the grounds for urgent care and the requirements for 24-hour services by specialty.|In [healthcare and social welfare](6c42523a-7cc3-4ed3-a374-4a336690855c), the assessment of the need for services is always performed by a healthcare or social welfare professional together with the client. See the Act on Social Welfare Professionals (817/2015) and the Act on Health Care Professionals (559/1994).;;;;49941036-6607-3935-8bd3-f0c8823efddf;07e67a1c-826a-43b5-a05d-7866aab79c29;8a68003e-97eb-47ae-b314-f9e47ae7f9c3|ce65737b-a5db-47e3-97cd-e610293bf5a1|6c42523a-7cc3-4ed3-a374-4a336690855c|71e8aec6-e46f-4c62-b54b-69330dce3f44|daa886fb-09d8-487d-80fc-59aaca87d74d|538eaf1a-4baf-4687-a3b2-82f538fccd20|91bb5832-cc6d-45ca-8fa4-3d833afe8692;
71e8aec6-e46f-4c62-b54b-69330dce3f44;palvelutarve;servicebehov (n);need for services;palveluntarve;behov (n) av service|behov (n) av tjänster;service needs (pl);;;;;;;[asiakkaan](8a68003e-97eb-47ae-b314-f9e47ae7f9c3) todettu tarve saada sellaisia [palveluja](ce65737b-a5db-47e3-97cd-e610293bf5a1), jotka asiantuntijan tai ammattihenkilön arvion mukaan tukevat asiakasta;[kundens](8a68003e-97eb-47ae-b314-f9e47ae7f9c3) konstaterade behov av sådana [tjänster (1)](ce65737b-a5db-47e3-97cd-e610293bf5a1) som enligt en sakkunnigs eller en yrkesutbildad persons bedömning stöder kunden;identified need of a [client](8a68003e-97eb-47ae-b314-f9e47ae7f9c3) to receive [services (1)](ce65737b-a5db-47e3-97cd-e610293bf5a1) that an expert or a professional believes will support the client;[Sosiaali- ja terveydenhuollossa](6c42523a-7cc3-4ed3-a374-4a336690855c) palvelutarve kohdistuu [sosiaalipalveluihin](40eb9e9e-c947-4e30-81d3-c51a16d8eb03), [terveyspalveluihin](91bb5832-cc6d-45ca-8fa4-3d833afe8692) tai [sosiaali- ja terveydenhuollon yhteisiin palveluihin](37a56dd8-761d-4f78-8adf-45f0e1ac3003).|[Terveydenhuollossa](daa886fb-09d8-487d-80fc-59aaca87d74d) osa palvelutarpeista on terveysongelmista johtuvia hoidon tarpeita.;Inom [social- och hälsovården](6c42523a-7cc3-4ed3-a374-4a336690855c) är servicebehovet inriktat på [socialservice (1)](40eb9e9e-c947-4e30-81d3-c51a16d8eb03), [hälso- och sjukvårdstjänster](91bb5832-cc6d-45ca-8fa4-3d833afe8692) eller [socialvårdens och hälso- och sjukvårdens gemensamma service](37a56dd8-761d-4f78-8adf-45f0e1ac3003).|Inom [hälso- och sjukvården](daa886fb-09d8-487d-80fc-59aaca87d74d) är en del av servicebehoven vårdbehov som beror på hälsoproblem.;In [healthcare and social welfare](6c42523a-7cc3-4ed3-a374-4a336690855c), the need for services applies to [social services](40eb9e9e-c947-4e30-81d3-c51a16d8eb03), [health services](91bb5832-cc6d-45ca-8fa4-3d833afe8692) or [integrated healthcare and social welfare services](37a56dd8-761d-4f78-8adf-45f0e1ac3003).|In [healthcare](daa886fb-09d8-487d-80fc-59aaca87d74d), some of the need for services are treatment needs due to health problems.;;;;49941036-6607-3935-8bd3-f0c8823efddf;07e67a1c-826a-43b5-a05d-7866aab79c29;ce65737b-a5db-47e3-97cd-e610293bf5a1|91bb5832-cc6d-45ca-8fa4-3d833afe8692|40eb9e9e-c947-4e30-81d3-c51a16d8eb03|daa886fb-09d8-487d-80fc-59aaca87d74d|8a68003e-97eb-47ae-b314-f9e47ae7f9c3|37a56dd8-761d-4f78-8adf-45f0e1ac3003|6c42523a-7cc3-4ed3-a374-4a336690855c;
c89f812b-39db-4e7a-939b-20be594654b4;palvelutoiminta;serviceverksamhet;service provision;palvelutuotanto;tjänsteverksamhet|~ service (2)|~ tjänster (pl) (2)|serviceproduktion|tjänsteproduktion|produktion av tjänster;services (pl) (2)|provision of services|providing services;;;;;;service production|production of services;organisoitu toiminta, jossa [asiakkaan](8a68003e-97eb-47ae-b314-f9e47ae7f9c3) [palvelutarve](71e8aec6-e46f-4c62-b54b-69330dce3f44) selvitetään ja siihen vastataan;organiserad verksamhet där [kundens](8a68003e-97eb-47ae-b314-f9e47ae7f9c3) [servicebehov](71e8aec6-e46f-4c62-b54b-69330dce3f44) utreds och tillgodoses;organised activities to review and meet [clients](8a68003e-97eb-47ae-b314-f9e47ae7f9c3)’ [need for services](71e8aec6-e46f-4c62-b54b-69330dce3f44);[Hyvinvointialue](5903ca2f-8c0b-49dc-985a-eade0b056f21) vastaa [sosiaali- ja terveyspalvelujen järjestäjänä](a0d597ee-a002-4f44-8b16-76372676d1d5) palvelutoiminnan kokonaisuudesta omalla alueellaan. [Sosiaali- ja terveyspalvelujen tuottaja](a7b79b5e-01a6-4433-85fa-1a88630caf33) puolestaan hoitaa palvelutoimintaa käytännössä ja on suoraan vuorovaikutuksessa asiakkaan kanssa.|Palvelutuotanto-termiä käytetään esimerkiksi tilanteissa, joissa on kyse käytännön palvelutoiminnan organisoinnista, kuten [sosiaali- ja terveydenhuollon järjestämisvastuuseen](07631ae9-129a-4fa4-b470-6e63300f68af) kuuluvista palvelutoiminnan linjauksista ja rahoituksesta. |Ruotsin kielessä voi kontekstista riippuen sopiva vastine olla myös pelkkä service tai tjänster.|[Sosiaali- ja terveydenhuollon](6c42523a-7cc3-4ed3-a374-4a336690855c) yhteydessä käytetään englanniksi termiä provision eikä termiä production. Vrt. sosiaali- ja terveyspalvelujen tuottaja – provider of health and social services.;[Välfärdsområdet](5903ca2f-8c0b-49dc-985a-eade0b056f21) ansvarar, i egenskap av [den som ordnar social- och hälsovårdstjänster](a0d597ee-a002-4f44-8b16-76372676d1d5), för serviceverksamheten som helhet inom sitt område. [Producenten av social- och hälsovårdstjänster](a7b79b5e-01a6-4433-85fa-1a88630caf33) sköter serviceverksamheten i praktiken och står i direkt kontakt med kunden.|Termen serviceproduktion används t.ex. i situationer där det är fråga om att organisera serviceverksamhet i praktiken, såsom de riktlinjer för och den finansiering av serviceverksamhet som omfattas av [ansvaret för att ordna social- och hälsovård](07631ae9-129a-4fa4-b470-6e63300f68af). |Beroende på kontexten kan också termen service eller termen tjänster vara en lämplig motsvarighet till termen palvelutoiminta.;Since the [wellbeing services counties](5903ca2f-8c0b-49dc-985a-eade0b056f21) are the [organisers of health and social services](a0d597ee-a002-4f44-8b16-76372676d1d5), the counties are responsible for overall service provision in their areas. [Providers of health and social services](a7b79b5e-01a6-4433-85fa-1a88630caf33), on the other hand, are responsible for service provision in practice and interact directly with clients.|The term ‘provision’ is used in the context of [healthcare and social welfare](6c42523a-7cc3-4ed3-a374-4a336690855c) instead of the term ‘production’. See sosiaali- ja terveyspalvelujen tuottaja – provider of health and social services.;;;;49941036-6607-3935-8bd3-f0c8823efddf;07e67a1c-826a-43b5-a05d-7866aab79c29;a7b79b5e-01a6-4433-85fa-1a88630caf33|5903ca2f-8c0b-49dc-985a-eade0b056f21|6c42523a-7cc3-4ed3-a374-4a336690855c|71e8aec6-e46f-4c62-b54b-69330dce3f44|07631ae9-129a-4fa4-b470-6e63300f68af|a0d597ee-a002-4f44-8b16-76372676d1d5|8a68003e-97eb-47ae-b314-f9e47ae7f9c3;
3feaf459-bc9f-4d2a-afe9-bdb5ba02ecfa;perhekeskus;familjecenter;family centre;;;;;;;;;;lasten, nuorten ja perheiden hyvinvointia ja terveyttä edistävä sekä varhaista tukea, hoitoa ja kuntoutusta tarjoava monialainen palveluverkosto;sektorsövergripande servicenätverk som främjar barns, ungas och familjers välfärd och hälsa samt erbjuder tidigt stöd, vård och rehabilitering;network of multidisciplinary services for promoting the health and wellbeing of children, young people and families and for providing early support, care and rehabilitation;Perhekeskuksia kehitetään valtakunnallisen perhekeskustoimintamallin avulla. Toimintamallin mukaisesti perhekeskuksessa sovitetaan yhteen lapsiperheiden [sosiaali-](40eb9e9e-c947-4e30-81d3-c51a16d8eb03) ja [terveyspalvelut](91bb5832-cc6d-45ca-8fa4-3d833afe8692), sivistyspalvelut, kuntien toimet hyvinvoinnin ja terveyden edistämiseksi sekä järjestöjen ja seurakuntien toiminta perheitä hyödyttäväksi toimivaksi kokonaisuudeksi. Käytännön toiminta suunnitellaan alueellisesti ja paikallisesti yhdessä kuntien muiden palvelujen sekä järjestöjen ja seurakuntien kanssa. Perhekeskuksen palvelut toimivat verkostomaisesti. Niitä voidaan tarjota palvelunantajien toimipisteissä yhteen koottuina tai erillisinä tai tuoda [asiakkaan](8a68003e-97eb-47ae-b314-f9e47ae7f9c3) kotiin, varhaiskasvatuksen toimipaikkaan tai kouluun tai tarjota sähköisinä palveluina. Lapsiperheille suunnattujen sosiaali- ja terveyspalvelujen osalta perhekeskukset toimivat osana [sosiaali- ja terveyskeskusta](57fcd1e0-9bdf-4276-92a9-e21cd1bbf32b).;Familjecentren utvecklas enligt en riksomfattande familjecentermodell. I enlighet med modellen samordnas i familjecentret [socialservice (1)](40eb9e9e-c947-4e30-81d3-c51a16d8eb03) och [hälso- och sjukvårdstjänsterna](91bb5832-cc6d-45ca-8fa4-3d833afe8692) för barnfamiljer, bildningstjänsterna, kommunernas åtgärder för främjande av välfärd och hälsa samt organisationernas och församlingarnas verksamhet till en fungerande helhet som gagnar familjerna. Den praktiska verksamheten planeras regionalt och lokalt tillsammans med kommunernas övriga tjänster och med organisationer och församlingar. Familjecentrets tjänster fungerar i form av nätverk. De kan erbjudas centraliserat eller separat vid tjänstetillhandahållarnas verksamhetsställen eller i [kundens](8a68003e-97eb-47ae-b314-f9e47ae7f9c3) hem, vid verksamhetsstället för småbarnspedagogik eller i skolan eller som e-tjänster. När det gäller socialservice (1) och hälso- och sjukvårdstjänster för barnfamiljer är familjecentret en del av [social- och hälsocentralen](57fcd1e0-9bdf-4276-92a9-e21cd1bbf32b).;Family centres are developed using the national family centre scheme. Under the scheme, family centres coordinate [health services](91bb5832-cc6d-45ca-8fa4-3d833afe8692) and [social services](40eb9e9e-c947-4e30-81d3-c51a16d8eb03) being provided for families with children, educational services, municipal measures to promote health and wellbeing, and activities of organisations and parishes into well-functioning packages that benefit families. Activities are planned regionally and locally together with other municipal services and organisations and parishes. Family centre services operate in a networked manner. Services can be provided at service enablers’ units either as packages or separate services or they can be brought to [clients](8a68003e-97eb-47ae-b314-f9e47ae7f9c3)’ homes, early childhood education and care units or schools, or they can be available as electronic services. Family centres operate as part of [health and social services centres](57fcd1e0-9bdf-4276-92a9-e21cd1bbf32b) when they provide health and social services for families with children.;;;;49941036-6607-3935-8bd3-f0c8823efddf;07e67a1c-826a-43b5-a05d-7866aab79c29;91bb5832-cc6d-45ca-8fa4-3d833afe8692|40eb9e9e-c947-4e30-81d3-c51a16d8eb03|8a68003e-97eb-47ae-b314-f9e47ae7f9c3|57fcd1e0-9bdf-4276-92a9-e21cd1bbf32b;
e6037259-108e-4c33-9e82-951100f94126;sosiaalihuolto;socialvård (FI);social welfare;;;;;socialtjänst (1) (SE);~ social care (GB);;socialservice (2);;organisoitu toiminta, jonka tarkoituksena on tarjota yhteiskunnan jäsenille riittävät [sosiaalipalvelut](40eb9e9e-c947-4e30-81d3-c51a16d8eb03) ja niihin kuuluva taloudellinen tuki sekä edistää heidän sosiaalista hyvinvointiaan ja osallisuuttaan;organiserad verksamhet vars syfte är att erbjuda samhällsmedlemmarna tillräcklig [socialservice (1)](40eb9e9e-c947-4e30-81d3-c51a16d8eb03) och ekonomiskt stöd i anslutning till den samt att främja deras sociala välfärd och delaktighet;organised activities to provide members of society with sufficient [social services](40eb9e9e-c947-4e30-81d3-c51a16d8eb03) and the financial support included in them, and to promote their social wellbeing and inclusion;Sosiaalihuoltoon kuuluu sekä julkisten että yksityisten sosiaalipalvelujen antaminen. Myös yksityiset [sosiaalipalvelujen tuottajat](a7b79b5e-01a6-4433-85fa-1a88630caf33) voivat tuottaa julkisia sosiaalipalveluja silloin, kun julkinen [sosiaali- ja terveyspalvelujen järjestäjä](a0d597ee-a002-4f44-8b16-76372676d1d5) hankkii näiltä toimijoilta palveluja [sosiaalihuollon asiakkaalle](538eaf1a-4baf-4687-a3b2-82f538fccd20).|Suomenruotsissa sosiaalihuollosta suositetaan käytettäväksi termiä socialvård, kun ruotsinruotsissa suositetaan termiä socialtjänst. Termi socialservice vastaa suomen käsitettä sosiaalipalvelu.|Britanniassa on myös olemassa termi social care, mutta sitä ei suositella käytettäväksi suomalaisessa yhteydessä.;Socialvården omfattar tillhandahållande av både offentlig och privat socialservice. Även privata [producenter av socialservice](a7b79b5e-01a6-4433-85fa-1a88630caf33) kan producera offentlig socialservice när [den som ordnar social- och hälsovårdstjänster](a0d597ee-a002-4f44-8b16-76372676d1d5) inom den offentliga sektorn skaffar tjänster för [klienter inom socialvården](538eaf1a-4baf-4687-a3b2-82f538fccd20) av dessa aktörer.|I Finland rekommenderas termen socialvård som motsvarighet till sosiaalihuolto, medan man i Sverige använder termen socialtjänst. Termen socialservice motsvarar finskans sosiaalipalvelu.;Social welfare includes the provision of both public and private social services. Private [providers of social services](a7b79b5e-01a6-4433-85fa-1a88630caf33) can provide public social services when a public [organiser of health and social services](a0d597ee-a002-4f44-8b16-76372676d1d5) procures services from them for [social welfare clients](538eaf1a-4baf-4687-a3b2-82f538fccd20).|In the United Kingdom, there is also the term ‘social care’ but its use is not recommended in the Finnish context.;;;;49941036-6607-3935-8bd3-f0c8823efddf;07e67a1c-826a-43b5-a05d-7866aab79c29;40eb9e9e-c947-4e30-81d3-c51a16d8eb03|a0d597ee-a002-4f44-8b16-76372676d1d5|a7b79b5e-01a6-4433-85fa-1a88630caf33|538eaf1a-4baf-4687-a3b2-82f538fccd20;6c42523a-7cc3-4ed3-a374-4a336690855c
07631ae9-129a-4fa4-b470-6e63300f68af;sosiaali- ja terveydenhuollon järjestämisvastuu;ansvar (n) för att ordna social- och hälsovård;responsibility for organising healthcare and social welfare;;< organiseringsansvar (n)|ansvar (n) för ordnandet av social- och hälsovård|~ ansvar (n) för att ordna tjänster|~ ansvar (n) för ordnandet av tjänster;;;;;;;;lakisääteinen velvollisuus vastata tarkoituksenmukaisella tavalla julkisesti rahoitetusta [sosiaali- ja terveydenhuollosta](6c42523a-7cc3-4ed3-a374-4a336690855c);lagstadgad skyldighet att på ett ändamålsenligt sätt svara för den offentligt finansierade [social- och hälsovården](6c42523a-7cc3-4ed3-a374-4a336690855c);statutory obligation to respond in an appropriate manner to the responsibility for publicly funded [healthcare and social welfare](6c42523a-7cc3-4ed3-a374-4a336690855c);Sosiaali- ja terveydenhuollon järjestämisvastuuseen kuuluu vastuu palvelujen rahoittamisesta, siitä, että palvelut tulevat tuotetuiksi, sekä [sosiaali- ja terveyspalvelujen yhteensovittamisesta](79bb0b09-ee77-4cdc-a72a-082a1424f3f6).|Kullakin [hyvinvointialueella](5903ca2f-8c0b-49dc-985a-eade0b056f21) on sosiaali- ja terveydenhuollon järjestämisvastuu omalla alueellaan.|Ruotsin termi organiseringsansvar vastaa suomen käsitettä järjestämisvastuu.|Englanninkielisen termin osat (health ja social) ovat aina päinvastaisessa järjestyksessä kuin suomenkielisessä termissä paitsi vakiintuneissa erisnimissä kuten Ministry of Social Affairs and Health. Englanninkielinen termi healthcare kirjoitetaan yhdyssanana ilman yhdysviivaa.;Ansvaret för att ordna social- och hälsovård omfattar ansvar för finansiering av tjänsterna, för produktion av tjänsterna och för [samordning av social- och hälsovårdstjänsterna](79bb0b09-ee77-4cdc-a72a-082a1424f3f6).|Varje [välfärdsområde](5903ca2f-8c0b-49dc-985a-eade0b056f21) har ansvar för att ordna social- och hälsovård inom sitt område.|Om termen järjestämisvastuu används som sådan, motsvaras den i första hand av termen organiseringsansvar.;The responsibility for organising healthcare and social welfare includes the responsibility for financing the services, for ensuring that services are provided and for the [integration of healthcare and social welfare services](79bb0b09-ee77-4cdc-a72a-082a1424f3f6).|Each [wellbeing services county](5903ca2f-8c0b-49dc-985a-eade0b056f21) is responsible for organising healthcare and social welfare in its area.|The parts of the English term (‘health’ and ‘social’) are always in reverse order compared to the Finnish term, except in established proper names, such as ‘Ministry of Social Affairs and Health’. The English term ‘healthcare’ is written as a compound word without a hyphen. The Finnish abbreviation ‘sote’ should not be used in English.;;;;49941036-6607-3935-8bd3-f0c8823efddf;07e67a1c-826a-43b5-a05d-7866aab79c29;5903ca2f-8c0b-49dc-985a-eade0b056f21|79bb0b09-ee77-4cdc-a72a-082a1424f3f6|6c42523a-7cc3-4ed3-a374-4a336690855c;
106a1777-d3e4-4f0c-9e7f-1e3ff78da429;sosiaali- ja terveydenhuollon palvelustrategia;servicestrategi för social- och hälsovården;strategy for healthcare and social welfare services;;;< service strategy;sote-palvelustrategia;;;;;;hyvinvointialuetta koskevan yleisen strategian osa, joka sisältää keskeiset tavoitteet niille [sosiaali-](40eb9e9e-c947-4e30-81d3-c51a16d8eb03) ja [terveyspalveluille](91bb5832-cc6d-45ca-8fa4-3d833afe8692), joista [hyvinvointialue](5903ca2f-8c0b-49dc-985a-eade0b056f21) on vastuussa;del av den allmänna strategin för välfärdsområdet som innehåller de centrala målen för den [socialservice (1)](40eb9e9e-c947-4e30-81d3-c51a16d8eb03) och de [hälso- och sjukvårdstjänster](91bb5832-cc6d-45ca-8fa4-3d833afe8692) som [välfärdsområdet](5903ca2f-8c0b-49dc-985a-eade0b056f21) ansvarar för;part of the overall strategy of the wellbeing services county that provides the key objectives of the [health services](91bb5832-cc6d-45ca-8fa4-3d833afe8692) and [social services](40eb9e9e-c947-4e30-81d3-c51a16d8eb03) for which the [wellbeing services county](5903ca2f-8c0b-49dc-985a-eade0b056f21) is responsible;Sosiaali- ja terveydenhuollon palvelustrategiassa kuvataan, miten [sosiaali- ja terveydenhuollon järjestämisvastuusta](07631ae9-129a-4fa4-b470-6e63300f68af) huolehditaan. Hyvinvointialue ottaa palvelustrategiassa huomioon alueensa väestön erityiset [palvelutarpeet](71e8aec6-e46f-4c62-b54b-69330dce3f44) ja paikalliset olosuhteet sekä arvioi tekemiensä palveluratkaisujen vaikutuksia tiettyihin väestöryhmiin.|Sosiaali- ja terveydenhuollon palvelustrategiaan sisältyy myös hyvinvoinnin ja terveyden edistämisen suunnittelu.|Englanninkielisen termin osat (health ja social) ovat aina päinvastaisessa järjestyksessä kuin suomenkielisessä termissä paitsi vakiintuneissa erisnimissä kuten Ministry of Social Affairs and Health. Englanninkielinen termi healthcare kirjoitetaan yhdyssanana ilman yhdysviivaa.;"I servicestrategin för social- och hälsovården beskrivs hur [ansvaret för att ordna social- och hälsovård](07631ae9-129a-4fa4-b470-6e63300f68af) ska skötas. Välfärdsområdet beaktar i servicestrategin de särskilda [servicebehov](71e8aec6-e46f-4c62-b54b-69330dce3f44) som befolkningen inom dess område har och de lokala förhållandena där samt bedömer vilka konsekvenser servicelösningarna får för vissa befolkningsgrupper.|I servicestrategin för social- och hälsovården ingår också planering av främjandet av välfärd och hälsa. ";The strategies for healthcare and social welfare services describe how the [responsibility for organising healthcare and social welfare](07631ae9-129a-4fa4-b470-6e63300f68af) is ensured. In the service strategies, the wellbeing services counties take account of the specific [needs for services](71e8aec6-e46f-4c62-b54b-69330dce3f44) of the population and the local circumstances in their areas and assess the impact of their service decisions on certain population groups.|The strategies for healthcare and social welfare services also include plans for how to promote health and wellbeing. |The parts of the English term (‘health’ and ‘social’) are always in reverse order compared to the Finnish term, except in established proper names, such as ‘Ministry of Social Affairs and Health’. The English term ‘healthcare’ is written as a compound word without a hyphen.;;;;49941036-6607-3935-8bd3-f0c8823efddf;07e67a1c-826a-43b5-a05d-7866aab79c29;5903ca2f-8c0b-49dc-985a-eade0b056f21|40eb9e9e-c947-4e30-81d3-c51a16d8eb03|07631ae9-129a-4fa4-b470-6e63300f68af|71e8aec6-e46f-4c62-b54b-69330dce3f44|91bb5832-cc6d-45ca-8fa4-3d833afe8692;
4ad86262-4e8a-415b-9dc5-92ec9b64d803;sosiaali- ja terveydenhuollon yhteistyöalue;samarbetsområde (n) för social- och hälsovården;collaborative area for healthcare and social welfare;< yhteistyöalue;< samarbetsområde (n);< collaborative area;;;;;;;alue, jonka [hyvinvointialueet](5903ca2f-8c0b-49dc-985a-eade0b056f21) yhteistoimin muodostavat [sosiaali- ja terveydenhuollon](6c42523a-7cc3-4ed3-a374-4a336690855c) alueellista yhteensovittamista, kehittämistä, yhteistyötä ja vastuunjakoa varten;område som [välfärdsområdena](5903ca2f-8c0b-49dc-985a-eade0b056f21) genom samverkan bildat för samordning, utveckling, samarbete och ansvarsfördelning på regional nivå när det gäller [social- och hälsovård](6c42523a-7cc3-4ed3-a374-4a336690855c);area formed by [wellbeing services counties](5903ca2f-8c0b-49dc-985a-eade0b056f21) together for purposes of regional integration, development, cooperation and burden-sharing in [healthcare and social welfare](6c42523a-7cc3-4ed3-a374-4a336690855c);Sosiaali- ja terveydenhuollon yhteistyöalueiden muodostamisen perusteista säädetään sosiaali- ja terveydenhuollon järjestämisestä annetulla lailla ja valtioneuvoston asetuksella. Jokaisella sosiaali- ja terveydenhuollon yhteistyöalueella on yliopistollinen sairaala (Helsinki, Turku, Tampere, Oulu ja Kuopio). Sosiaali- ja terveydenhuollon yhteistyöalueet muodostetaan nykyisten erikoissairaanhoidon erityisvastuualueiden pohjalta.|Samaan sosiaali- ja terveydenhuollon yhteistyöalueeseen kuuluvat hyvinvointialueet laativat yhteistyösopimuksen, jossa sovitaan muun muassa alueiden rajat ylittävistä [palveluista](ce65737b-a5db-47e3-97cd-e610293bf5a1) ja yhteistyöalueella tehtävistä sosiaali- ja terveydenhuollon investoinneista.|Sosiaali- ja terveydenhuollon yhteistyöalue ei ole sama käsite kuin Paras-hankkeessa käytetty yhteistoiminta-alue.|Englanninkielisen termin osat (health ja social) ovat aina päinvastaisessa järjestyksessä kuin suomenkielisessä termissä paitsi vakiintuneissa erisnimissä kuten Ministry of Social Affairs and Health. Englanninkielinen termi healthcare kirjoitetaan yhdyssanana ilman yhdysviivaa.;Bestämmelser om grunderna för bildandet av samarbetsområden för social- och hälsovården finns i lagen om ordnande av social- och hälsovård och i en förordning av statsrådet som är utfärdad med stöd av den. I alla samarbetsområden för social- och hälsovården finns ett universitetssjukhus (Helsingfors, Åbo, Tammerfors, Uleåborg och Kuopio). Samarbetsområdena för social- och hälsovården bildas utifrån de nuvarande specialupptagningsområdena för specialiserad sjukvård.|De välfärdsområden som hör till samma samarbetsområde för social- och hälsovården upprättar ett samarbetsavtal där det bl.a. avtalas om de [tjänster (1)](ce65737b-a5db-47e3-97cd-e610293bf5a1) som överskrider områdesgränserna och om social- och hälsovårdens investeringar inom samarbetsområdet.|Termen samarbetsområde för social- och hälsovården syftar inte på samma begrepp som den term som använts i projektet Paras.;The criteria for establishing collaborative areas for healthcare and social welfare are laid down in the Act and Government Decree on Organising Healthcare and Social Welfare Services. Each collaborative area for healthcare and social welfare has a university hospital (Helsinki, Turku, Tampere, Oulu and Kuopio). The collaborative areas for healthcare and social welfare are formed on the basis of the current catchment areas for highly specialised medical care.|Wellbeing services counties belonging to the same collaborative area for healthcare and social welfare draw up an agreement where they agree on inter-county [services (1)](ce65737b-a5db-47e3-97cd-e610293bf5a1) and healthcare and social welfare investments in the collaborative area, among other things.|The concept of a collaborative area for healthcare and social welfare is not the same as ‘local government co-management area’ which was used in the Restructuring of Local Government and Services Project.|The parts of the English term (‘health’ and ‘social’) are always in reverse order compared to the Finnish term, except in established proper names, such as ‘Ministry of Social Affairs and Health’. The English term ‘healthcare’ is written as a compound word without a hyphen.;;;;49941036-6607-3935-8bd3-f0c8823efddf;07e67a1c-826a-43b5-a05d-7866aab79c29;6c42523a-7cc3-4ed3-a374-4a336690855c|5903ca2f-8c0b-49dc-985a-eade0b056f21|ce65737b-a5db-47e3-97cd-e610293bf5a1;
6c42523a-7cc3-4ed3-a374-4a336690855c;sosiaali- ja terveydenhuolto;social- och hälsovård;healthcare and social welfare;;;;sote;;health care and social welfare|social welfare and healthcare|social welfare and health care;;sote;sote;[sosiaalihuollon](e6037259-108e-4c33-9e82-951100f94126) ja [terveydenhuollon](daa886fb-09d8-487d-80fc-59aaca87d74d) muodostama kokonaisuus;helhet som utgörs av [socialvården](e6037259-108e-4c33-9e82-951100f94126) och [hälso- och sjukvården](daa886fb-09d8-487d-80fc-59aaca87d74d);[healthcare](daa886fb-09d8-487d-80fc-59aaca87d74d) and [social welfare](e6037259-108e-4c33-9e82-951100f94126) as a whole;Sosiaali- ja terveydenhuolto on sosiaaliturvan osa.|Sosiaali- ja terveydenhuollossa toimii [sosiaali- ja terveyspalvelujen järjestäjiä](a0d597ee-a002-4f44-8b16-76372676d1d5), [tuottajia](a7b79b5e-01a6-4433-85fa-1a88630caf33) ja [toteuttajia](7fd03bc6-5bca-46c3-906b-71364dad8418). Sosiaali- ja terveydenhuollon toimijat voivat olla joko julkisia tai yksityisiä.|Sosiaalihuollosta ja terveydenhuollosta säädetään suurelta osin erillisillä säädöksillä. Käytettäessä termiä sosiaali- ja terveydenhuolto viitataan sosiaalihuoltoon, terveydenhuoltoon sekä niihin kuuluviin [sosiaali- ja terveydenhuollon yhteisiin palveluihin](37a56dd8-761d-4f78-8adf-45f0e1ac3003).|Sote-lyhennettä ei suositella käytettäväksi yksiköiden tai [palvelujen](ce65737b-a5db-47e3-97cd-e610293bf5a1) nimissä eikä virallisimmissa teksteissä. Yleisöviestinnässä sitä on syytä käyttää vain poikkeuksellisesti ja selitettynä. Lyhenteen tarkka merkitys ei vaihtelevan käytön vuoksi ole selvä, ja muunkielisten vastineiden muodostaminen sille on hankalaa. Suomenkielistä sote-lyhennettä ei pidä käyttää muilla kielillä.|Terveydenhuolto-termin ruotsinkielinen vastine on hälso- och sjukvård, ja pelkkä hälsovård viittaa terveydenhoitoon. Ilmaisussa social- och hälsovård terveydenhuolto on kuitenkin vakiintunut lyhennettyyn muotoon hälsovård.|Englanninkielisen termin osat (health ja social) ovat aina päinvastaisessa järjestyksessä kuin suomenkielisessä termissä paitsi vakiintuneissa erisnimissä kuten Ministry of Social Affairs and Health. Englanninkielinen termi healthcare kirjoitetaan yhdyssanana ilman yhdysviivaa.;Social- och hälsovården är en del av den sociala tryggheten.|Inom social- och hälsovården finns det [de som ordnar social- och hälsovårdstjänster](a0d597ee-a002-4f44-8b16-76372676d1d5), [producenter av social- och hälsovårdstjänster](a7b79b5e-01a6-4433-85fa-1a88630caf33) och [givare av social- och hälsovårdstjänster](7fd03bc6-5bca-46c3-906b-71364dad8418). Aktörerna inom social- och hälsovården kan vara antingen offentliga eller privata.|Bestämmelser om socialvård och hälso- och sjukvård utfärdas till stor del genom särskilda författningar. När termen social- och hälsovård används hänvisar man till socialvården och hälso- och sjukvården samt till [socialvårdens och hälso- och sjukvårdens gemensamma service](37a56dd8-761d-4f78-8adf-45f0e1ac3003) som omfattas av dem.|Det rekommenderas att förkortningen sote inte ska användas i finska namn på enheter eller [tjänster (1)](ce65737b-a5db-47e3-97cd-e610293bf5a1) och inte heller i mer officiella texter. I information på finska till allmänheten ska förkortningen användas endast i undantagsfall och med en förklaring. Förkortningens exakta betydelse är oklar på grund av den varierande användningen på finska. På andra språk är det svårt att bilda motsvarigheter till den. På svenska ska man helt undvika att använda förkortningen.|Termen terveydenhuolto motsvaras av termen hälso- och sjukvård, medan termen hälsovård motsvaras av termen terveydenhoito. I termen social- och hälsovård är dock hälsovård en etablerad förkortning av hälso- och sjukvård.;Healthcare and social welfare together are part of overall social security.|Healthcare and social welfare are operated by [organisers](a0d597ee-a002-4f44-8b16-76372676d1d5), [providers](a7b79b5e-01a6-4433-85fa-1a88630caf33) and [deliverers of health and social services](7fd03bc6-5bca-46c3-906b-71364dad8418). Healthcare and social welfare bodies can be either public or private.|Healthcare and social welfare are largely regulated by separate statutes. The term ‘healthcare and social welfare’ refers to healthcare, social welfare and [integrated healthcare and social welfare services](37a56dd8-761d-4f78-8adf-45f0e1ac3003) included in them.|The parts of the English term (‘health’ and ‘social’) are always in reverse order compared to the Finnish term, except in established proper names, such as ‘Ministry of Social Affairs and Health’. The English term ‘healthcare’ is written as a compound word without a hyphen. The Finnish abbreviation ‘sote’ should not be used in English.;;;;49941036-6607-3935-8bd3-f0c8823efddf;07e67a1c-826a-43b5-a05d-7866aab79c29;7fd03bc6-5bca-46c3-906b-71364dad8418|ce65737b-a5db-47e3-97cd-e610293bf5a1|a7b79b5e-01a6-4433-85fa-1a88630caf33|a0d597ee-a002-4f44-8b16-76372676d1d5|37a56dd8-761d-4f78-8adf-45f0e1ac3003;
57fcd1e0-9bdf-4276-92a9-e21cd1bbf32b;sosiaali- ja terveyskeskus;social- och hälsocentral;health and social services centre;;;;sote-keskus;;HSS centre;;sote-central;health and social centre|social and health centre|healthcare and social welfare centre|sote centre;[sosiaali- ja terveydenhuollon](6c42523a-7cc3-4ed3-a374-4a336690855c) toimintayksikkö, joka laaja-alaisesti tarjoaa julkisesti rahoitettuja sosiaalihuollon peruspalveluja ja perusterveydenhuollon palveluja sekä mahdollisesti joitain näitä täydentäviä palveluja;verksamhetsenhet inom [social- och hälsovården](6c42523a-7cc3-4ed3-a374-4a336690855c) som på bred basis erbjuder offentligt finansierad basservice inom socialvården och offentligt finansierade primärvårdstjänster samt eventuellt vissa tjänster som kompletterar dessa;[healthcare and social welfare](6c42523a-7cc3-4ed3-a374-4a336690855c) unit that provides publicly funded primary healthcare services and primary social services on a broad scale and possibly some services supplementary to them;Sosiaali- ja terveyskeskuksiin kootaan esimerkiksi perusterveydenhuollon avosairaanhoidon kiireellisiä ja kiireettömiä palveluja, suun terveydenhuollon palveluja, sosiaalihuollon avopalveluja, kotihoidon palveluja, mielenterveys- ja päihdetyön sekä mielenterveys- ja päihdehoidon palveluja, avokuntoutuspalveluja, kansansairauksien ehkäisyä, koulu- ja opiskeluterveydenhuollon palveluja, neuvolapalveluja sekä muita ehkäiseviä palveluja.|Myös kolmannen sektorin toimijat voivat tarjota omia palvelujaan sosiaali- ja terveyskeskuksen tiloissa yhteistoiminnassa julkisen sektorin kanssa.|Englanninkielisen termin osat (health ja social) ovat aina päinvastaisessa järjestyksessä kuin suomenkielisessä termissä paitsi vakiintuneissa erisnimissä kuten Ministry of Social Affairs and Health. Englanninkielinen termi healthcare kirjoitetaan yhdyssanana ilman yhdysviivaa.;Vid social- och hälsocentralerna samlas t.ex. brådskande och icke-brådskande tjänster inom primärvårdens öppna sjukvård samt mun- och tandvårdstjänster, socialvårdens öppenvårdstjänster, hemvårdstjänster, mentalvårdsarbete och alkohol- och drogarbete samt mentalvård och missbrukarvård, rehabilitering i öppen vård, förebyggande av folksjukdomar, skol- och studerandehälsovårdstjänster, rådgivningsbyråtjänster och andra förebyggande tjänster.|Även aktörer inom den tredje sektorn kan i samarbete med den offentliga sektorn erbjuda sina egna tjänster i social- och hälsocentralens lokaler.;The services provided at health and social services centres can include urgent and non-urgent outpatient services in primary healthcare, oral healthcare services, non-residential social services, home care services, preventive mental health and substance abuse services, mental health and substance abuse treatment services, non-residential rehabilitation services, prevention of chronic diseases, school and student healthcare services, maternity and child health clinic services and other preventive services.|Third sector bodies can provide services in the facilities of health and social services centres in cooperation with the public sector.|The parts of the English term (‘health’ and ‘social’) are always in reverse order compared to the Finnish term, except in established proper names, such as ‘Ministry of Social Affairs and Health’. The Finnish abbreviation ‘sote’ should not be used in English.;;;;49941036-6607-3935-8bd3-f0c8823efddf;07e67a1c-826a-43b5-a05d-7866aab79c29;6c42523a-7cc3-4ed3-a374-4a336690855c;
7a64ce01-8bb5-40bb-a805-d2157c236a20;sosiaali- ja terveyspalvelujen antaja;tillhandahållare av social- och hälsovårdstjänster;enabler of health and social services;< palvelunantaja;tillhandahållare av social- och hälsovårdsservice|< tjänstetillhandahållare;enabler of healthcare and social welfare services|< service enabler;sote-palvelunantaja;< tillhandahållare av social- och hälsotjänster;;;;;toimija, joka järjestää, tuottaa tai toteuttaa [sosiaalipalveluja](40eb9e9e-c947-4e30-81d3-c51a16d8eb03), [terveyspalveluja](91bb5832-cc6d-45ca-8fa4-3d833afe8692) tai [sosiaali- ja terveydenhuollon yhteisiä palveluja](37a56dd8-761d-4f78-8adf-45f0e1ac3003);aktör som ordnar, producerar eller ger [socialservice (1)](40eb9e9e-c947-4e30-81d3-c51a16d8eb03), [hälso- och sjukvårdstjänster](91bb5832-cc6d-45ca-8fa4-3d833afe8692) eller [socialvårdens och hälso- och sjukvårdens gemensamma service](37a56dd8-761d-4f78-8adf-45f0e1ac3003);body that organises, provides or delivers [health services](91bb5832-cc6d-45ca-8fa4-3d833afe8692), [social services](40eb9e9e-c947-4e30-81d3-c51a16d8eb03) or [integrated healthcare and social welfare services](37a56dd8-761d-4f78-8adf-45f0e1ac3003);Sosiaali- ja terveyspalvelujen antajia ovat [sosiaali- ja terveyspalvelujen järjestäjät](a0d597ee-a002-4f44-8b16-76372676d1d5), [sosiaali- ja terveyspalvelujen tuottajat](a7b79b5e-01a6-4433-85fa-1a88630caf33) ja [sosiaali- ja terveyspalvelujen toteuttajat](7fd03bc6-5bca-46c3-906b-71364dad8418). Nämä voivat olla eri toimijoita, tai samalla toimijalla voi olla eri rooleja samanaikaisesti. Esimerkiksi julkisen hallinnon toimija (kuten [hyvinvointialue](5903ca2f-8c0b-49dc-985a-eade0b056f21)) voi olla yhtä aikaa sekä sosiaali- ja terveyspalvelujen järjestäjä että tuottaja. Sosiaali- ja terveyspalvelujen tuottaja voi puolestaan hankkia palveluja yksityisen sektorin sosiaali- ja terveyspalvelujen toteuttajalta (alihankkija).|Termiä sosiaali- ja terveyspalvelujen antaja käytetään silloin, kun toimijan roolia ei ole tarpeen eritellä tarkemmin.|Ruotsinkielisen termin social- och hälsotjänster käyttöä ei suositella, koska sen voidaan katsoa viittaavan laajempaan käsitteeseen kuin social- och hälsovårdstjänster.|Englanninkielisen termin osat (health ja social) ovat aina päinvastaisessa järjestyksessä kuin suomenkielisessä termissä paitsi vakiintuneissa erisnimissä kuten Ministry of Social Affairs and Health. Englanninkielinen termi healthcare kirjoitetaan yhdyssanana ilman yhdysviivaa.;Tillhandahållare av social- och hälsovårdstjänster är [de som ordnar social- och hälsovårdstjänster](a0d597ee-a002-4f44-8b16-76372676d1d5), [producenterna av social- och hälsovårdstjänster](a7b79b5e-01a6-4433-85fa-1a88630caf33) och [givarna av social- och hälsovårdstjänster](7fd03bc6-5bca-46c3-906b-71364dad8418). Dessa kan vara olika aktörer, eller också kan samma aktör ha flera roller samtidigt. Till exempel en aktör inom den offentliga förvaltningen (såsom ett [välfärdsområde](5903ca2f-8c0b-49dc-985a-eade0b056f21)) kan samtidigt vara både den som ordnar social- och hälsovårdstjänster och producent av social- och hälsovårdstjänster. En producent av social- och hälsovårdstjänster kan skaffa tjänster av en givare av social- och hälsovårdstjänster inom den privata sektorn (underleverantör).|Termen tillhandahållare av social- och hälsovårdstjänster används när aktörens roll inte behöver specificeras närmare.|Termen social- och hälsotjänster rekommenderas inte, eftersom den kan uppfattas som ett bredare begrepp än termen [social- och hälsovårdstjänster](7890231b-c493-41f3-9e9b-3e6ba2b66601).;The enablers of health and social services include [organisers of health and social services](a0d597ee-a002-4f44-8b16-76372676d1d5), [providers of health and social services](a7b79b5e-01a6-4433-85fa-1a88630caf33) and [deliverers of health and social services](7fd03bc6-5bca-46c3-906b-71364dad8418). These can be different bodies, or one body can have different roles at the same time. For example, a public service body (such as a [wellbeing services county](5903ca2f-8c0b-49dc-985a-eade0b056f21)) can be both an organiser and a provider of health and social services at the same time. A provider of health and social services can procure services from a private-sector deliverer of health and social services (subcontractor).|The term ‘enabler of health and social services’ is used when it is not necessary to specify the body’s role more precisely.|The parts of the English term (‘health’ and ‘social’) are always in reverse order compared to the Finnish term, except in established proper names, such as ‘Ministry of Social Affairs and Health’. The English term ‘healthcare’ is written as a compound word without a hyphen.;;;;49941036-6607-3935-8bd3-f0c8823efddf;07e67a1c-826a-43b5-a05d-7866aab79c29;7890231b-c493-41f3-9e9b-3e6ba2b66601|91bb5832-cc6d-45ca-8fa4-3d833afe8692|5903ca2f-8c0b-49dc-985a-eade0b056f21|40eb9e9e-c947-4e30-81d3-c51a16d8eb03|37a56dd8-761d-4f78-8adf-45f0e1ac3003;
a0d597ee-a002-4f44-8b16-76372676d1d5;sosiaali- ja terveyspalvelujen järjestäjä;den som ordnar social- och hälsovårdstjänster;organiser of health and social services;< palvelunjärjestäjä;den som ordnar social- och hälsovårdsservice|anordnare av social- och hälsovårdstjänster|anordnare av social- och hälsovårdsservice|< tjänsteanordnare|< serviceanordnare;organiser of healthcare and social welfare services|< service organiser;sote-palvelunjärjestäjä;< den som ordnar social- och hälsotjänster;;;;;[sosiaali- ja terveyspalvelujen antaja](7a64ce01-8bb5-40bb-a805-d2157c236a20), jolla on [sosiaali- ja terveydenhuollon järjestämisvastuu](07631ae9-129a-4fa4-b470-6e63300f68af);[tillhandahållare av social- och hälsovårdstjänster](7a64ce01-8bb5-40bb-a805-d2157c236a20) med [ansvar för att ordna social- och hälsovård](07631ae9-129a-4fa4-b470-6e63300f68af);[enabler of health and social services](7a64ce01-8bb5-40bb-a805-d2157c236a20) that has a [responsibility for organising healthcare and social welfare](07631ae9-129a-4fa4-b470-6e63300f68af);Kullakin [hyvinvointialueella](5903ca2f-8c0b-49dc-985a-eade0b056f21) on sosiaali- ja terveydenhuollon järjestämisvastuu omalla alueellaan.|Sama taho voi toimia niin sosiaali- ja terveyspalvelujen järjestäjänä, [tuottajana](a7b79b5e-01a6-4433-85fa-1a88630caf33) kuin [toteuttajanakin](7fd03bc6-5bca-46c3-906b-71364dad8418).|Ruotsinkielisen termin social- och hälsotjänster käyttöä ei suositella, koska sen voidaan katsoa viittaavan laajempaan käsitteeseen kuin social- och hälsovårdstjänster.|Englanninkielisen termin osat (health ja social) ovat aina päinvastaisessa järjestyksessä kuin suomenkielisessä termissä paitsi vakiintuneissa erisnimissä kuten Ministry of Social Affairs and Health. Englanninkielinen termi healthcare kirjoitetaan yhdyssanana ilman yhdysviivaa.;Varje [välfärdsområde](5903ca2f-8c0b-49dc-985a-eade0b056f21) har ansvar för att ordna social- och hälsovård inom sitt område.|Samma aktör kan vara såväl den som ordnar social- och hälsovårdstjänster, [producent av social- och hälsovårdstjänster](a7b79b5e-01a6-4433-85fa-1a88630caf33) som [givare av social- och hälsovårdstjänster](7fd03bc6-5bca-46c3-906b-71364dad8418).|Termen social- och hälsotjänster rekommenderas inte, eftersom den kan uppfattas som ett bredare begrepp än termen [social- och hälsovårdstjänster](7890231b-c493-41f3-9e9b-3e6ba2b66601).;Each [wellbeing services county](5903ca2f-8c0b-49dc-985a-eade0b056f21) is responsible for organising [healthcare and social welfare](6c42523a-7cc3-4ed3-a374-4a336690855c) in its area.|The same body can be an organiser, [provider](a7b79b5e-01a6-4433-85fa-1a88630caf33) and [deliverer of health and social services](7fd03bc6-5bca-46c3-906b-71364dad8418).|The parts of the English term (‘health’ and ‘social’) are always in reverse order compared to the Finnish term, except in established proper names, such as ‘Ministry of Social Affairs and Health’. The English term ‘healthcare’ is written as a compound word without a hyphen.;;;;49941036-6607-3935-8bd3-f0c8823efddf;7a64ce01-8bb5-40bb-a805-d2157c236a20;5903ca2f-8c0b-49dc-985a-eade0b056f21|6c42523a-7cc3-4ed3-a374-4a336690855c|7890231b-c493-41f3-9e9b-3e6ba2b66601|07631ae9-129a-4fa4-b470-6e63300f68af|7fd03bc6-5bca-46c3-906b-71364dad8418|a7b79b5e-01a6-4433-85fa-1a88630caf33;
7fd03bc6-5bca-46c3-906b-71364dad8418;sosiaali- ja terveyspalvelujen toteuttaja;givare av social- och hälsovårdstjänster;deliverer of health and social services;< palveluntoteuttaja|> sosiaalipalvelujen toteuttaja|> terveyspalvelujen toteuttaja;givare av social- och hälsovårdsservice|< tjänstegivare|< givare av tjänster|< givare av service|> givare av socialservice|> givare av hälso- och sjukvårdstjänster;deliverer of healthcare and social welfare services|< service deliverer|> deliverer of social services|> deliverer of social welfare services|> deliverer of health services|> deliverer of healthcare services;sote-palveluntoteuttaja;< givare av social- och hälsotjänster;;;;;[sosiaali- ja terveyspalvelujen antaja](7a64ce01-8bb5-40bb-a805-d2157c236a20), joka käytännössä antaa sovitut [sosiaalipalvelut](40eb9e9e-c947-4e30-81d3-c51a16d8eb03), [terveyspalvelut](91bb5832-cc6d-45ca-8fa4-3d833afe8692) tai [sosiaali- ja terveydenhuollon yhteiset palvelut](37a56dd8-761d-4f78-8adf-45f0e1ac3003) [asiakkaalle](8a68003e-97eb-47ae-b314-f9e47ae7f9c3);[tillhandahållare av social- och hälsovårdstjänster](7a64ce01-8bb5-40bb-a805-d2157c236a20) som i praktiken tillhandahåller [kunden](8a68003e-97eb-47ae-b314-f9e47ae7f9c3) [socialservice (1)](40eb9e9e-c947-4e30-81d3-c51a16d8eb03), [hälso- och sjukvårdstjänster](91bb5832-cc6d-45ca-8fa4-3d833afe8692) eller [socialvårdens och hälso- och sjukvårdens gemensamma service](37a56dd8-761d-4f78-8adf-45f0e1ac3003) enligt överenskommelse;[enabler of health and social services](7a64ce01-8bb5-40bb-a805-d2157c236a20) that provides the agreed [health services](91bb5832-cc6d-45ca-8fa4-3d833afe8692), [social services](40eb9e9e-c947-4e30-81d3-c51a16d8eb03) or [integrated healthcare and social welfare services](37a56dd8-761d-4f78-8adf-45f0e1ac3003) in practice;Sosiaali- ja terveyspalvelujen toteuttaja antaa sovitut [palvelut](ce65737b-a5db-47e3-97cd-e610293bf5a1) asiakkaalle [sosiaali- ja terveyspalvelujen järjestäjän](a0d597ee-a002-4f44-8b16-76372676d1d5) tai [sosiaali- ja terveyspalvelujen tuottajan](a7b79b5e-01a6-4433-85fa-1a88630caf33) kanssa tekemänsä sopimuksen mukaan.|Sama taho voi toimia niin sosiaali- ja terveyspalvelujen järjestäjänä, tuottajana kuin toteuttajanakin.|Termejä sosiaalipalvelujen toteuttaja ja terveyspalvelujen toteuttaja voidaan käyttää silloin, kun viitataan sellaiseen toimijaan, joka antaa asiakkaalle käytännössä vain jompiakumpia palveluja.|Ruotsinkielisen termin social- och hälsotjänster käyttöä ei suositella, koska sen voidaan katsoa viittaavan laajempaan käsitteeseen kuin social- och hälsovårdstjänster.|Englanninkielisen termin osat (health ja social) ovat aina päinvastaisessa järjestyksessä kuin suomenkielisessä termissä paitsi vakiintuneissa erisnimissä kuten Ministry of Social Affairs and Health. Englanninkielinen termi healthcare kirjoitetaan yhdyssanana ilman yhdysviivaa.;Givaren av social- och hälsovårdstjänster ger kunden de överenskomna [tjänsterna (1)](ce65737b-a5db-47e3-97cd-e610293bf5a1) enligt det avtal som ingåtts med [den som ordnar social- och hälsovårdstjänster](a0d597ee-a002-4f44-8b16-76372676d1d5) eller med [producenten av social- och hälsovårdstjänster](a7b79b5e-01a6-4433-85fa-1a88630caf33).|Samma aktör kan vara såväl den som ordnar social- och hälsovårdstjänster, producent av social- och hälsovårdstjänster som givare av social- och hälsovårdstjänster.|Termerna givare av socialservice och givare av hälso- och sjukvårdstjänster kan användas när det hänvisas till en sådan aktör som i praktiken tillhandahåller kunden endast någondera av tjänsterna.|Termen social- och hälsotjänster rekommenderas inte, eftersom den kan uppfattas som ett bredare begrepp än termen [social- och hälsovårdstjänster](7890231b-c493-41f3-9e9b-3e6ba2b66601).;Deliverers of health and social services provide [clients](8a68003e-97eb-47ae-b314-f9e47ae7f9c3) with the agreed [services (1)](ce65737b-a5db-47e3-97cd-e610293bf5a1) based on an agreement with an [organiser of health and social services](a0d597ee-a002-4f44-8b16-76372676d1d5) or a [provider of health and social services](a7b79b5e-01a6-4433-85fa-1a88630caf33).|The same body can be an organiser, provider and deliverer of health and social services.|The terms ‘deliverer of health services’ and ‘deliverer of social services’ can be used when referring to bodies that in practice provide only one kind of service to clients.|The parts of the English term (‘health’ and ‘social’) are always in reverse order compared to the Finnish term, except in established proper names, such as ‘Ministry of Social Affairs and Health’. The English term ‘healthcare’ is written as a compound word without a hyphen.;;;;49941036-6607-3935-8bd3-f0c8823efddf;7a64ce01-8bb5-40bb-a805-d2157c236a20;91bb5832-cc6d-45ca-8fa4-3d833afe8692|a0d597ee-a002-4f44-8b16-76372676d1d5|8a68003e-97eb-47ae-b314-f9e47ae7f9c3|37a56dd8-761d-4f78-8adf-45f0e1ac3003|40eb9e9e-c947-4e30-81d3-c51a16d8eb03|7890231b-c493-41f3-9e9b-3e6ba2b66601|a7b79b5e-01a6-4433-85fa-1a88630caf33|ce65737b-a5db-47e3-97cd-e610293bf5a1;
a7b79b5e-01a6-4433-85fa-1a88630caf33;sosiaali- ja terveyspalvelujen tuottaja;producent av social- och hälsovårdstjänster;provider of health and social services;< palveluntuottaja|> sosiaalipalvelujen tuottaja|> terveyspalvelujen tuottaja;producent av social- och hälsovårdsservice|< tjänsteproducent|> producent av socialservice|> producent av hälso- och sjukvårdstjänster;provider of healthcare and social welfare services|< service provider|> provider of social services|> provider of social welfare services|> provider of health services|> provider of healthcare services;sote-palveluntuottaja;< producent av social- och hälsotjänster;;;;producer of health and social services|producer of healthcare and social welfare services|service producer;[sosiaali- ja terveyspalvelujen antaja](7a64ce01-8bb5-40bb-a805-d2157c236a20), joka saa aikaan [sosiaalipalveluja](40eb9e9e-c947-4e30-81d3-c51a16d8eb03), [terveyspalveluja](91bb5832-cc6d-45ca-8fa4-3d833afe8692) tai [sosiaali- ja terveydenhuollon yhteisiä palveluja](37a56dd8-761d-4f78-8adf-45f0e1ac3003) joko toimimalla itse [sosiaali- ja terveyspalvelujen toteuttajana](7fd03bc6-5bca-46c3-906b-71364dad8418) tai tilaamalla ne muulta palveluntoteuttajalta;[tillhandahållare av social- och hälsovårdstjänster](7a64ce01-8bb5-40bb-a805-d2157c236a20) som åstadkommer [socialservice (1)](40eb9e9e-c947-4e30-81d3-c51a16d8eb03), [hälso- och sjukvårdstjänster](91bb5832-cc6d-45ca-8fa4-3d833afe8692) eller [socialvårdens och hälso- och sjukvårdens gemensamma service](37a56dd8-761d-4f78-8adf-45f0e1ac3003) antingen genom att själv vara [givare av social- och hälsovårdstjänster](7fd03bc6-5bca-46c3-906b-71364dad8418) eller genom att beställa dem av någon annan tjänstegivare;[enabler of health and social services](7a64ce01-8bb5-40bb-a805-d2157c236a20) that produces [health services](91bb5832-cc6d-45ca-8fa4-3d833afe8692), [social services](40eb9e9e-c947-4e30-81d3-c51a16d8eb03) or [integrated healthcare and social welfare services](37a56dd8-761d-4f78-8adf-45f0e1ac3003) either by being a [deliverer of health and social services](7fd03bc6-5bca-46c3-906b-71364dad8418) or by procuring them from another service deliverer;Sosiaali- ja terveyspalvelujen tuottajat voivat olla julkisia tai yksityisiä toimijoita, esimerkiksi yrityksiä, yhdistyksiä, osuuskuntia, säätiöitä ja yksityisiä elinkeinonharjoittajia.|Sama taho voi toimia niin [sosiaali- ja terveyspalvelujen järjestäjänä](a0d597ee-a002-4f44-8b16-76372676d1d5), tuottajana kuin toteuttajanakin.|Termejä sosiaalipalvelujen tuottaja ja terveyspalvelujen tuottaja voidaan käyttää silloin, kun viitataan nimenomaan vain jompiakumpia palveluja tuottavaan toimijaan.|Ruotsinkielisen termin social- och hälsotjänster käyttöä ei suositella, koska sen voidaan katsoa viittaavan laajempaan käsitteeseen kuin social- och hälsovårdstjänster.|Tuottajasta ei sosiaali- ja terveyspalvelujen yhteydessä tule käyttää englanniksi termiä producer vaan termiä provider. Englanninkielisen termin osat (health ja social) ovat aina päinvastaisessa järjestyksessä kuin suomenkielisessä termissä paitsi vakiintuneissa erisnimissä kuten Ministry of Social Affairs and Health. Englanninkielinen termi healthcare kirjoitetaan yhdyssanana ilman yhdysviivaa.;Producenter av social- och hälsovårdstjänster kan vara offentliga eller privata aktörer, t.ex. företag, föreningar, andelslag, stiftelser och enskilda näringsidkare.|Samma aktör kan vara såväl [den som ordnar social- och hälsovårdstjänster](a0d597ee-a002-4f44-8b16-76372676d1d5), producent av social- och hälsovårdstjänster som givare av social- och hälsovårdstjänster.|Termerna producent av socialservice och producent av hälso- och sjukvårdstjänster kan användas när det uttryckligen hänvisas till en aktör som producerar endast någondera av tjänsterna.|Termen social- och hälsotjänster rekommenderas inte, eftersom den kan uppfattas som ett bredare begrepp än termen [social- och hälsovårdstjänster](7890231b-c493-41f3-9e9b-3e6ba2b66601).;Providers of health and social services can be public bodies or private bodies, such as enterprises, associations, cooperatives, foundations and private entrepreneurs.|The same body can be an [organiser](a0d597ee-a002-4f44-8b16-76372676d1d5), provider and deliverer of health and social services.|The terms ‘provider of health services’ and ‘provider of social services’ can be used when referring to bodies that provide only one kind of service.|The term ‘provider’ is used in the context of [healthcare and social welfare](6c42523a-7cc3-4ed3-a374-4a336690855c) instead of the term ‘producer’. The parts of the English term (‘health’ and ‘social’) are always in reverse order compared to the Finnish term, except in established proper names, such as ‘Ministry of Social Affairs and Health’. The English term ‘healthcare’ is written as a compound word without a hyphen.;;;;49941036-6607-3935-8bd3-f0c8823efddf;7a64ce01-8bb5-40bb-a805-d2157c236a20;7890231b-c493-41f3-9e9b-3e6ba2b66601|40eb9e9e-c947-4e30-81d3-c51a16d8eb03|a0d597ee-a002-4f44-8b16-76372676d1d5|7fd03bc6-5bca-46c3-906b-71364dad8418|91bb5832-cc6d-45ca-8fa4-3d833afe8692|6c42523a-7cc3-4ed3-a374-4a336690855c|37a56dd8-761d-4f78-8adf-45f0e1ac3003;
b23fee5e-16cf-4db7-824e-ede1c1f6c841;sosiaali- ja terveyspalvelujen saatavuus;tillgång till social- och hälsovårdstjänster;availability of health and social services;;tillgång till social- och hälsovårdsservice;< service availability;;< tillgång till social- och hälsotjänster;;;;;tila, jossa [asiakkaan](8a68003e-97eb-47ae-b314-f9e47ae7f9c3) tarpeisiin vastaavia [sosiaali-](40eb9e9e-c947-4e30-81d3-c51a16d8eb03) ja [terveyspalveluja](91bb5832-cc6d-45ca-8fa4-3d833afe8692) on riittävästi tarjolla ja oikea-aikaisesti käytettävissä;situation där det erbjuds tillräckligt med [socialservice (1)](40eb9e9e-c947-4e30-81d3-c51a16d8eb03) och [hälso- och sjukvårdstjänster](91bb5832-cc6d-45ca-8fa4-3d833afe8692) som svarar mot [kundens](8a68003e-97eb-47ae-b314-f9e47ae7f9c3) behov och där kunden kan få dem i rätt tid;state where the [health services](91bb5832-cc6d-45ca-8fa4-3d833afe8692) and [social services](40eb9e9e-c947-4e30-81d3-c51a16d8eb03) needed by [clients](8a68003e-97eb-47ae-b314-f9e47ae7f9c3) are offered to a sufficient degree and can be used in a timely manner;Sosiaali- ja terveyspalvelujen saatavuutta voidaan arvioida sen perusteella, mitä palveluja on tarjolla, kuinka paljon niitä on, vastaavatko ne asiakkaan tarpeisiin ja ovatko ne käytettävissä silloin, kun asiakas niitä tarvitsee.|Ks. myös [sosiaali- ja terveyspalvelujen saavutettavuus](1c64fd0b-b505-41b6-869e-582719481300).|Ruotsinkielisen termin social- och hälsotjänster käyttöä ei suositella, koska sen voidaan katsoa viittaavan laajempaan käsitteeseen kuin social- och hälsovårdstjänster.|Englanninkielisen termin osat (health ja social) ovat aina päinvastaisessa järjestyksessä kuin suomenkielisessä termissä paitsi vakiintuneissa erisnimissä kuten Ministry of Social Affairs and Health.;Tillgången till social- och hälsovårdstjänster kan bedömas utifrån vilka tjänster som erbjuds, hur många de är, om de svarar mot kundens behov och om kunden kan få dem när de behövs.|Se även [tillgänglighet till social- och hälsovårdstjänster](1c64fd0b-b505-41b6-869e-582719481300).|Termen social- och hälsotjänster rekommenderas inte, eftersom den kan uppfattas som ett bredare begrepp än termen [social- och hälsovårdstjänster](7890231b-c493-41f3-9e9b-3e6ba2b66601).;The availability of health and social services can be assessed based on what services are offered, how many services are offered, whether the services offered meet clients’ needs and whether they can be used when clients need them.|See also [access to health and social services](1c64fd0b-b505-41b6-869e-582719481300).|The parts of the English term (‘health’ and ‘social’) are always in reverse order compared to the Finnish term, except in established proper names, such as ‘Ministry of Social Affairs and Health’.;;;;49941036-6607-3935-8bd3-f0c8823efddf;07e67a1c-826a-43b5-a05d-7866aab79c29;8a68003e-97eb-47ae-b314-f9e47ae7f9c3|1c64fd0b-b505-41b6-869e-582719481300|40eb9e9e-c947-4e30-81d3-c51a16d8eb03|91bb5832-cc6d-45ca-8fa4-3d833afe8692|7890231b-c493-41f3-9e9b-3e6ba2b66601;
1c64fd0b-b505-41b6-869e-582719481300;sosiaali- ja terveyspalvelujen saavutettavuus;tillgänglighet till social- och hälsovårdstjänster;access to health and social services;;social- och hälsovårdstjänsternas tillgänglighet|tillgänglighet till social- och hälsovårdsservice|social- och hälsovårdsservicens tillgänglighet;accessibility of health and social services;;< tillgänglighet till social- och hälsotjänster;;;;;tila, jossa [asiakkaan](8a68003e-97eb-47ae-b314-f9e47ae7f9c3) pääsy [sosiaali-](40eb9e9e-c947-4e30-81d3-c51a16d8eb03) ja [terveyspalveluihin](91bb5832-cc6d-45ca-8fa4-3d833afe8692) on varmistettu ja asiakas pystyy hyödyntämään palveluja;situation där det är säkerställt att [kunden](8a68003e-97eb-47ae-b314-f9e47ae7f9c3) får [socialservice (1)](40eb9e9e-c947-4e30-81d3-c51a16d8eb03) och [hälso- och sjukvårdstjänster](91bb5832-cc6d-45ca-8fa4-3d833afe8692) och där kunden kan använda tjänsterna;state where [clients](8a68003e-97eb-47ae-b314-f9e47ae7f9c3)’ entry to [health services](91bb5832-cc6d-45ca-8fa4-3d833afe8692) and [social services](40eb9e9e-c947-4e30-81d3-c51a16d8eb03) is safeguarded and clients can use the services;Sosiaali- ja terveyspalvelujen saavutettavuuteen vaikuttaa se, missä palvelua tarjotaan (esim. välimatkat) ja kuinka helposti asiakas pääsee palvelua tarjoavaan paikkaan (digitaaliset palvelut, liikkumismahdollisuudet, elämäntilanne ja liikennepalvelujen tarjonta). Palvelujen osalta tulee huomioida myös tekninen ja kognitiivinen saavutettavuus. Palvelun kognitiivista saavutettavuutta voidaan parantaa ymmärrettävällä viestinnällä, esimerkiksi käyttämällä selkokieltä. Julkisia sosiaali- ja terveyspalveluja pyritään tarjoamaan yhdenvertaisesti kaikille väestöryhmille.|Sosiaali- ja terveyspalvelujen yhdenvertaisella saavutettavuudella tarkoitetaan tilaa, jossa eri väestöryhmien yhdenvertainen pääsy sosiaali- ja terveyspalveluihin on turvattu ja eri väestöryhmät pystyvät hyödyntämään palveluja yhdenvertaisesti.|Ruotsinkielisen termin social- och hälsotjänster käyttöä ei suositella, koska sen voidaan katsoa viittaavan laajempaan käsitteeseen kuin social- och hälsovårdstjänster.|Käytettäessä accessibility-termiä on suositettavaa käyttää pidempää muotoa accessibility of health and social services, koska accessibility on myös esteettömyyden vastine. Englanninkielisen termin osat (health ja social) ovat aina päinvastaisessa järjestyksessä kuin suomenkielisessä termissä paitsi vakiintuneissa erisnimissä kuten Ministry of Social Affairs and Health.;Tillgängligheten till social- och hälsovårdstjänster påverkas av var tjänsten erbjuds (t.ex. avstånd) och hur lätt kunden kan nå den plats där tjänsten erbjuds (digitala tjänster, mobilitet, livssituation och utbud av transporttjänster). I fråga om tjänsterna bör också den tekniska och kognitiva tillgängligheten beaktas. Tjänsternas kognitiva tillgänglighet kan förbättras genom begriplig kommunikation, till exempel genom att lättläst språk används. Avsikten är att offentliga social- och hälsovårdstjänster ska erbjudas alla befolkningsgrupper på lika villkor.|Med tillgänglighet till social- och hälsovårdstjänster på lika villkor avses en situation där det är säkerställt att olika befolkningsgrupper får social- och hälsovårdstjänster på lika villkor och där olika befolkningsgrupper kan använda tjänsterna på lika villkor.|Termen social- och hälsotjänster rekommenderas inte, eftersom den kan uppfattas som ett bredare begrepp än termen [social- och hälsovårdstjänster](7890231b-c493-41f3-9e9b-3e6ba2b66601).;Access to health and social services is influenced by where services are offered (e.g., distance to services) and how easily clients can get to the place where the services are being offered (digital services, client mobility, life situation and availability of transport services). In addition, services must be technically and cognitively accessible. The cognitive accessibility of a service can be improved by communicating in user-friendly ways, for example by using easy language. The aim is to provide public health and social services equally to all population groups.|Equitable access to health and social services refers to a state where different population groups’ access to health and social services is safeguarded and different population groups can use the services in an equitable way.|When using the term ‘accessibility’, it is advisable to use the longer form ‘accessibility of health and social services’, because ‘accessibility’ is also the English equivalent of ‘esteettömyys’. The parts of the English term (‘health’ and ‘social’) are always in reverse order compared to the Finnish term, except in established proper names, such as ‘Ministry of Social Affairs and Health’.;;;;49941036-6607-3935-8bd3-f0c8823efddf;07e67a1c-826a-43b5-a05d-7866aab79c29;8a68003e-97eb-47ae-b314-f9e47ae7f9c3|91bb5832-cc6d-45ca-8fa4-3d833afe8692|7890231b-c493-41f3-9e9b-3e6ba2b66601|40eb9e9e-c947-4e30-81d3-c51a16d8eb03;
79bb0b09-ee77-4cdc-a72a-082a1424f3f6;sosiaali- ja terveyspalvelujen yhteensovittaminen;samordning av social- och hälsovårdstjänster;integration of health and social services;sosiaali- ja terveyspalvelujen integraatio;samordning av social- och hälsovårdsservice|integration av social- och hälsovårdstjänster|samordna (verb) social- och hälsovårdstjänster|integrera (verb) social- och hälsovårdstjänster;integration of healthcare and social welfare services;;< samordning av social- och hälsotjänster|< integration av social- och hälsotjänster|< samordna (verb) social- och hälsotjänster|< integrera (verb) social- och hälsotjänster;;;;;toiminta, jossa [sosiaali- ja terveyspalvelujen järjestäjä](a0d597ee-a002-4f44-8b16-76372676d1d5) tai [sosiaali- ja terveyspalvelujen tuottaja](a7b79b5e-01a6-4433-85fa-1a88630caf33) huolehtii [asiakkaan](8a68003e-97eb-47ae-b314-f9e47ae7f9c3) tarvitseman [palvelukokonaisuuden](2ae43c8d-548e-4c41-a423-d13d8eb8969a) muodostamisesta;verksamhet där [den som ordnar social- och hälsovårdstjänster](a0d597ee-a002-4f44-8b16-76372676d1d5) eller [producenten av social- och hälsovårdstjänster](a7b79b5e-01a6-4433-85fa-1a88630caf33) ser till att den [servicehelhet](2ae43c8d-548e-4c41-a423-d13d8eb8969a) som [kunden](8a68003e-97eb-47ae-b314-f9e47ae7f9c3) behöver skapas;activities where [organisers of health and social services](a0d597ee-a002-4f44-8b16-76372676d1d5) or [providers of health and social services](a7b79b5e-01a6-4433-85fa-1a88630caf33) are responsible for creating [service packages](2ae43c8d-548e-4c41-a423-d13d8eb8969a) needed by [clients](8a68003e-97eb-47ae-b314-f9e47ae7f9c3);Sosiaali- ja terveyspalvelujen yhteensovittaminen kuuluu [sosiaali- ja terveydenhuollon järjestämisvastuuseen](07631ae9-129a-4fa4-b470-6e63300f68af). Sosiaali- ja terveyspalvelujen järjestäjän on huolehdittava laaja-alaisesti yhteensovitettuja palveluja tarvitsevien asiakasryhmien ja asiakkaiden tunnistamisesta, palvelukokonaisuuksien määrittelemisestä ja koordinoinnista sekä siitä, että sosiaali- ja terveyspalvelujen tuottajat voivat hyödyntää asiakasta koskevaa tietoa palvelujen tarjoamisessa. Sosiaali- ja terveyspalvelujen järjestäjän on lisäksi huolehdittava toiminnan yhteensovittamisesta kunnan ja valtion muiden palvelujen ja kolmannen sektorin toiminnan kanssa. Sosiaali- ja terveyspalvelujen järjestäjä huolehtii myös siitä, että sosiaali- ja terveyspalvelujen tuottajat ja kolmas sektori toimivat keskenään yhteistyössä siten, että asiakkaiden käytössä on yhteensovitettuja palveluja sekä hyvinvointia ja terveyttä edistävää toimintaa.|Ruotsiksi voi aiheyhteydestä riippuen käyttää termin social- och hälsovårdstjänster sijaan termiä social- och hälsovårdsservice. Termin social- och hälsotjänster käyttöä ei suositella, koska sen voidaan katsoa viittaavan laajempaan käsitteeseen kuin social- och hälsovårdstjänster.|Englanninkielisen termin osat (health ja social) ovat aina päinvastaisessa järjestyksessä kuin suomenkielisessä termissä paitsi vakiintuneissa erisnimissä kuten Ministry of Social Affairs and Health. Englanninkielinen termi healthcare kirjoitetaan yhdyssanana ilman yhdysviivaa.;Att samordna social- och hälsovårdstjänster ingår i [ansvaret för att ordna social- och hälsovård](07631ae9-129a-4fa4-b470-6e63300f68af). Den som ordnar social- och hälsovårdstjänster ska se till att de kundgrupper och kunder som behöver brett samordnade tjänster identifieras, att servicehelheterna fastställs och samordnas och att producenterna av social- och hälsovårdstjänster kan använda uppgifter om kunden när tjänster erbjuds. Den som ordnar social- och hälsovårdstjänster ska också se till att verksamheten samordnas med kommunens och statens övriga tjänster och den tredje sektorns verksamhet. Den som ordnar social- och hälsovårdstjänster ser också till att producenterna av social- och hälsovårdstjänster och den tredje sektorn samarbetar så att kunderna har tillgång till samordnade tjänster samt till verksamhet som främjar välfärd och hälsa.|Termen social- och hälsovårdstjänster kan också beroende på sammanhanget ersättas med termen social- och hälsovårdsservice. Termen social- och hälsotjänster rekommenderas inte, eftersom den kan uppfattas som ett bredare begrepp än termen [social- och hälsovårdstjänster](7890231b-c493-41f3-9e9b-3e6ba2b66601).;Integration of health and social services belongs under the [responsibility for organising healthcare and social welfare](07631ae9-129a-4fa4-b470-6e63300f68af). Organisers of health and social services are responsible for identifying client groups and individual clients who need integrated services, determining the content of service packages, coordinating the service packages and ensuring that providers of health and social services can use client information in their provision of services. Organisers of health and social services are responsible for coordinating the integration of activities with other municipal and state services and third-sector activities. Organisers of health and social services are also responsible for ensuring that providers of health and social services and the third sector cooperate so that clients have access to integrated services and activities that promote health and wellbeing.|The parts of the English term (‘health’ and ‘social’) are always in reverse order compared to the Finnish term, except in established proper names, such as ‘Ministry of Social Affairs and Health’. The English term ‘healthcare’ is written as a compound word without a hyphen.;;;;49941036-6607-3935-8bd3-f0c8823efddf;07e67a1c-826a-43b5-a05d-7866aab79c29;8a68003e-97eb-47ae-b314-f9e47ae7f9c3|a0d597ee-a002-4f44-8b16-76372676d1d5|7890231b-c493-41f3-9e9b-3e6ba2b66601|2ae43c8d-548e-4c41-a423-d13d8eb8969a|a7b79b5e-01a6-4433-85fa-1a88630caf33|07631ae9-129a-4fa4-b470-6e63300f68af;
7890231b-c493-41f3-9e9b-3e6ba2b66601;sosiaali- ja terveyspalvelut (pl);social- och hälsovårdstjänster (pl);health and social services (pl);sosiaali- ja terveydenhuollon palvelut (pl);social- och hälsovårdsservice;healthcare and social welfare services (pl);sote-palvelut (pl);< social- och hälsotjänster (pl);social and health services (pl)|social welfare and healthcare services (pl);;;;[sosiaalihuollossa](e6037259-108e-4c33-9e82-951100f94126) ja [terveydenhuollossa](daa886fb-09d8-487d-80fc-59aaca87d74d) annettavat [sosiaalipalvelut](40eb9e9e-c947-4e30-81d3-c51a16d8eb03), [terveyspalvelut](91bb5832-cc6d-45ca-8fa4-3d833afe8692) sekä [sosiaali- ja terveydenhuollon yhteiset palvelut](37a56dd8-761d-4f78-8adf-45f0e1ac3003);[socialservice (1)](40eb9e9e-c947-4e30-81d3-c51a16d8eb03), [hälso- och sjukvårdstjänster](91bb5832-cc6d-45ca-8fa4-3d833afe8692) samt [socialvårdens och hälso- och sjukvårdens gemensamma service](37a56dd8-761d-4f78-8adf-45f0e1ac3003) som tillhandahålls inom [socialvården](e6037259-108e-4c33-9e82-951100f94126) och [hälso- och sjukvården](daa886fb-09d8-487d-80fc-59aaca87d74d);[health services](91bb5832-cc6d-45ca-8fa4-3d833afe8692), [social services](40eb9e9e-c947-4e30-81d3-c51a16d8eb03) and [integrated healthcare and social welfare services](37a56dd8-761d-4f78-8adf-45f0e1ac3003) provided under [healthcare](daa886fb-09d8-487d-80fc-59aaca87d74d) and [social welfare](e6037259-108e-4c33-9e82-951100f94126);Sosiaali- ja terveyspalvelut -käsitettä tarvitaan silloin, kun halutaan viitata määritelmän mukaisten palvelujen muodostamaan kokonaisuuteen esimerkiksi kuvattaessa palvelujen yleistä organisointia. Siksi ilmausta käytetään monikkomuotoisena.|Ruotsinkielistä termiä social- och hälsovårdstjänster käytetään monikossa, kun taas termiä social- och hälsovårdsservice pidetään kollektiivisena sanana palveluille. Termiä social- och hälsotjänster ei suositella, koska sen voidaan katsoa viittaavan laajempaan käsitteeseen kuin social- och hälsovårdstjänster.|Englanninkielisen termin osat (health ja social) ovat aina päinvastaisessa järjestyksessä kuin suomenkielisessä termissä paitsi vakiintuneissa erisnimissä kuten Ministry of Social Affairs and Health. Englanninkielinen termi healthcare kirjoitetaan yhdyssanana ilman yhdysviivaa.;På finska behövs termen sosiaali- ja terveyspalvelut när man vill hänvisa till en helhet av definitionsenliga tjänster, t.ex. beskriva den allmänna organiseringen av tjänster. Därför används termen i pluralis.|Termen social- och hälsovårdstjänster används i pluralis, medan termen social- och hälsovårdsservice uppfattas som ett kollektivt ord för tjänster. Termen social- och hälsotjänster rekommenderas inte, eftersom den kan uppfattas som ett bredare begrepp än termen social- och hälsovårdstjänster.;The term ‘health and social services’ can be used when referring to a package of the above-defined services, such as when describing the general organisation of services. This is why the plural form should be used.|The parts of the English term (‘health’ and ‘social’) are always in reverse order compared to the Finnish term, except in established proper names, such as ‘Ministry of Social Affairs and Health’. The English term ‘healthcare’ is written as a compound word without a hyphen. The Finnish abbreviation ‘sote’ should not be used in English.;;;;49941036-6607-3935-8bd3-f0c8823efddf;07e67a1c-826a-43b5-a05d-7866aab79c29;37a56dd8-761d-4f78-8adf-45f0e1ac3003|e6037259-108e-4c33-9e82-951100f94126|daa886fb-09d8-487d-80fc-59aaca87d74d|91bb5832-cc6d-45ca-8fa4-3d833afe8692|40eb9e9e-c947-4e30-81d3-c51a16d8eb03;
daa886fb-09d8-487d-80fc-59aaca87d74d;terveydenhuolto;hälso- och sjukvård;healthcare;;;;;> hälsovård;health care;;;;organisoitu toiminta, jonka tarkoituksena on tarjota yhteiskunnan jäsenille riittävät [terveyspalvelut](91bb5832-cc6d-45ca-8fa4-3d833afe8692) sekä edistää heidän terveyttään ja hyvinvointiaan;organiserad verksamhet vars syfte är att erbjuda samhällsmedlemmarna tillräckliga [hälso- och sjukvårdstjänster](91bb5832-cc6d-45ca-8fa4-3d833afe8692) samt att främja deras hälsa och välbefinnande;organised activities to provide members of society with sufficient [health services](91bb5832-cc6d-45ca-8fa4-3d833afe8692) and to promote their health and wellbeing;Terveydenhuoltoon kuuluu sekä julkisten että yksityisten terveyspalvelujen tuottaminen. Myös yksityiset [terveyspalvelujen tuottajat](a7b79b5e-01a6-4433-85fa-1a88630caf33) voivat tuottaa julkisia terveyspalveluja silloin, kun julkinen [sosiaali- ja terveyspalvelujen järjestäjä](a0d597ee-a002-4f44-8b16-76372676d1d5) hankkii näiltä toimijoilta palveluja [terveydenhuollon asiakkaalle](e2ce16ce-b02c-46a0-bf42-8f45c1493e30).|Terveydenhuoltoon kuuluu perusterveydenhuolto ja erikoissairaanhoito. Julkisesti rahoitetut terveyspalvelut voidaan jakaa perustason ja erityistason terveyspalveluihin.|Ruotsin termin määriteosassa mainitaan erikseen sekä hälsovård että sjukvård, koska ne yhdessä vastaavat suomen terveydenhuollon käsitettä. Hälsovård puolestaan vastaa suomen käsitettä terveydenhoito, jolla tarkoitetaan hyvän terveydentilan edistämistä ja sairauksien ehkäisemistä.|Englanninkielinen termi healthcare kirjoitetaan yhdyssanana ilman yhdysviivaa.;Hälso- och sjukvården omfattar produktion av både offentliga och privata hälso- och sjukvårdstjänster. Även privata [producenter av hälso- och sjukvårdstjänster](a7b79b5e-01a6-4433-85fa-1a88630caf33) kan producera offentliga hälso- och sjukvårdstjänster när [den som ordnar social- och hälsovårdstjänster](a0d597ee-a002-4f44-8b16-76372676d1d5) inom den offentliga sektorn skaffar tjänster för [kunder inom hälso- och sjukvården](e2ce16ce-b02c-46a0-bf42-8f45c1493e30) av dessa aktörer.|Hälso- och sjukvården omfattar primärvård och specialiserad sjukvård. Offentligt finansierade hälso- och sjukvårdstjänster kan delas in i hälso- och sjukvårdstjänster på basnivå och hälso- och sjukvårdstjänster på specialiserad nivå.|I den svenska termen nämns både hälsovård och sjukvård, eftersom de tillsammans motsvarar begreppet terveydenhuolto. Termen hälsovård motsvarar begreppet terveydenhoito och omfattar främjande av ett gott hälsotillstånd och förebyggande av sjukdomar.;Healthcare includes the provision of both public and private health services. Private [providers of health services](a7b79b5e-01a6-4433-85fa-1a88630caf33) can provide public health services when a public [organiser of health and social services](a0d597ee-a002-4f44-8b16-76372676d1d5) procures services from them for [healthcare clients](e2ce16ce-b02c-46a0-bf42-8f45c1493e30).|Healthcare consists of primary healthcare and specialised healthcare. Publicly funded health services are divided into primary health services and specialised health services.|The English term ‘healthcare’ is written as a compound word without a hyphen.;;;;49941036-6607-3935-8bd3-f0c8823efddf;07e67a1c-826a-43b5-a05d-7866aab79c29;e2ce16ce-b02c-46a0-bf42-8f45c1493e30|a7b79b5e-01a6-4433-85fa-1a88630caf33|91bb5832-cc6d-45ca-8fa4-3d833afe8692|a0d597ee-a002-4f44-8b16-76372676d1d5;6c42523a-7cc3-4ed3-a374-4a336690855c
