id;properties.prefLabel.fi;properties.prefLabel.sv;properties.prefLabel.en;properties.altLabel.fi;properties.altLabel.sv;properties.altLabel.en;properties.avoidableLabel.fi;properties.avoidableLabel.sv;properties.avoidableLabel.en;properties.deprecatedLabel.fi;properties.deprecatedLabel.sv;properties.deprecatedLabel.en;properties.definition.fi;properties.definition.sv;properties.definition.en;properties.note.fi;properties.note.sv;properties.note.en;properties.scopeNote.fi;properties.scopeNote.sv;properties.scopeNote.en;references.status.id;references.broader.id;references.related.id;references.partOf.id
ID;Suositettava termi;Rekommenderad term;Preferred label;Synonyymi;Synonym;Synonym;Vältettävä termi;Term som bör undvikas;Avoidable label;Hylättävä termi;Avrådd term;Deprecated label;Määritelmä;Definition;Definition;Huomautus;Anmärkning;Note;Käyttöala;Användningsområde;Scope note;Tila;Hierarkkinen yläkäsite;Assosiatiivinen suhde;Koostumussuhteinen yläkäsite
33554c74-3509-4c4c-957f-e7c29885a9b9;Terveydenhuollon tiedonhallinnan sanasto;;;;;;;;;;;;;;;;;;;;;;;;
ea67aa57-5ad4-42f7-87d6-9477da9d18c4;apuväline;hjälpmedel;;;;;;;;;;;tuote, laite, väline tai eläin, joka edistää tai ylläpitää toimintarajoitteisen henkilön toimintakykyä ja osallistumista;produkt, apparat, redskap eller djur som främjar och upprätthåller funktionsförmågan och deltagandet hos en person med funktionsbegränsning;;Apuvälineitä voivat olla erityisvalmisteiset tai yleisesti saatavilla olevat välineet tai tekniset järjestelmät, jotka ehkäisevät, korvaavat ja lieventävät toimintarajoitteisuudesta koituvaa haittaa. Apuvälineiksi voidaan lukea myös ne välineet, joita omaiset tai avustajat käyttävät toimintarajoitteisen henkilön auttamiseen.|Opaskoirat katsotaan näkövammaisten apuvälineiksi ja avustajakoirat vammaisten henkilöiden apuvälineiksi.|Toimintarajoitteisia henkilöitä voivat olla esimerkiksi tilapäisesti vammautuneet henkilöt, vajaakuntoiset, sokeat, liikuntakyvyttömät ja vaikeasti vammaiset.;Hjälpmedlen kan vara specialtillverkade eller allmänt tillgängliga anordningar eller tekniska system som förebygger, kompenserar och lindrar den olägenhet som funktionsbegränsningen medför. Som hjälpmedel kan också betraktas anordningar som anhöriga och assistenter använder för att hjälpa en person med funktionsbegränsning.|Ledarhundar betraktas som hjälpmedel för personer med synskada och assistenthundar som hjälpmedel för personer med funktionsnedsättning.|Personer med funktionsbegränsning är till exempel personer som har någon övergående skada, personer med nedsatt funktionsförmåga, blinda, rörelsehindrade och personer med svår funktionsnedsättning.;;;;;66d50c5b-a250-4401-ba9c-fb772f6f27d8;33554c74-3509-4c4c-957f-e7c29885a9b9;;
cf984efd-80cb-4dd4-8cdf-7bacd92a5520;asiakastieto;kunduppgift;;;> klientuppgift (inom socialvården);;;;;;;;sosiaali- tai terveydenhuollon asiakasta tai terveydenhuollon potilasta koskeva henkilötieto, joka on sosiaali- tai terveydenhuollon palvelunantajan hallinnoimaa;personuppgift gällande en kund inom social- eller hälsovården eller en patient inom hälso- och sjukvården, vilken administreras av en tjänstetillhandahållare inom social- eller hälsovården;;;;;Sosiaali- ja terveydenhuolto;Social- och hälsovård;;66d50c5b-a250-4401-ba9c-fb772f6f27d8;33554c74-3509-4c4c-957f-e7c29885a9b9;f9727df6-2de5-499c-8b2b-5b2a118317fc|ae757a93-6bc7-4dd9-adba-2642eeea27fb|606b01c6-89ef-4011-88cd-4a8499a3b12e;
fb2eced2-b34b-432c-b173-3be5f1313e54;potilastieto;patientuppgift;;;patientdata;;;;;;;;potilasasiakirjaan ja muuhun terveydenhuollossa laadittuun asiakirjaan sisältyvä terveydenhuollon asiakkaan tai potilaan terveydentilaa tai toimintakykyä tai tämän saamaa terveyspalvelua koskeva asiakastieto;kunduppgift om patientens eller kundens hälsotillstånd eller funktionsförmåga eller om hälso- och sjukvårdstjänst som patienten eller kunden fått som ingår i en journalhandling eller en annan handling som upprättats inom hälso- och sjukvården;;Potilastieto on salassa pidettävää.;Patientuppgifter är sekretessbelagda.;;;;;66d50c5b-a250-4401-ba9c-fb772f6f27d8;cf984efd-80cb-4dd4-8cdf-7bacd92a5520;ae757a93-6bc7-4dd9-adba-2642eeea27fb|f9727df6-2de5-499c-8b2b-5b2a118317fc;f4a8544d-3a2e-468f-8ce8-1becbb304cfc|5b584098-3c00-49d5-9132-8be37f5bc316|ad1f7a55-2d29-4bb4-8b41-b757cbaa98ae|e5c1bb0d-ff67-4f1b-8a85-68c414e0a2e2|7597fd23-4e45-4a33-89c8-4e877cc987f4|10b6f2a3-46ee-4bef-91f3-318bf0b99b1f|65a192d1-2cb3-4f66-b465-f5d275aa6308
325afdf4-0fe4-4a6c-a5af-a4acc4c49b2e;asiakirja;handling;;;dokument;;;;;;;;tallenne, jolla on oikeudellista arvoa ja joka on laadittu tai vastaanotettu jonkin organisaation tai yksittäisen henkilön toiminnan yhteydessä tai toimintaa varten;upptagning, som har ett juridiskt värde och som har utarbetats eller tagits emot i samband med eller för en organisations eller en enskild persons verksamhet;;Asiakirja voi sisältää kirjoitettua tekstiä, kuvaa tai ääntä, ja se voidaan tallentaa sähköisesti tai paperimuodossa.;En handling kan innehålla skriven text, bilder eller ljud, och den kan lagras i elektroniskt format eller pappersformat.;;;;;66d50c5b-a250-4401-ba9c-fb772f6f27d8;33554c74-3509-4c4c-957f-e7c29885a9b9;;
e87e271a-556e-4525-ae29-605e9fce8da5;asiakasasiakirja;kundhandling;;;> klienthandling (inom socialvården);;;;;;;;asiakirja, joka on laadittu tai vastaanotettu asiakkaan sosiaali- tai terveyspalvelujen tarpeen arviointia tai tarvittavien palvelujen järjestämistä tai toteuttamista varten tai niiden yhteydessä tai joka sisältää tietoa niistä;handling, som har upprättats eller tagits emot för bedömning av kundens behov av social- och hälsovårdstjänster eller ordnande och genomförande av behövliga tjänster eller i samband med dem eller som innehåller uppgifter om dem;;;;;Sosiaali- ja terveydenhuolto;Social- och hälsovård;;66d50c5b-a250-4401-ba9c-fb772f6f27d8;325afdf4-0fe4-4a6c-a5af-a4acc4c49b2e;;
f4a8544d-3a2e-468f-8ce8-1becbb304cfc;potilasasiakirja;journalhandling;;;;;;patientdokument;;;;;terveydenhuollon asiakasta tai potilasta koskeva asiakasasiakirja;kundhandling som gäller en patient eller kund inom hälso- och sjukvården;;Potilasasiakirjoista ja niiden käsittelystä säädetään mm. sosiaali- ja terveydenhuollon asiakastietojen käsittelystä annetussa laissa (703/2023) ja sosiaali- ja terveysministeriön asetuksessa potilasasiakirjoista (298/2009).|Potilasasiakirjoihin kuuluvat muun muassa ammattihenkilöiden palvelutapahtumista kirjaamat merkinnät, lääkemääräykset ja muut reseptikeskukseen tallennettavat lääkehoitoa koskevat merkinnät, diagnostiikkaan liittyvät tallenteet ja niihin liittyvät lausunnot ja muut potilaan terveyspalvelujen toteuttamiseen liittyvät kuva-, ääni- ja videotallenteet, potilaan terveyspalveluiden järjestämiseen liittyvät asiakirjat sekä terveydenhuoltoon muualta saapuneet asiakirjat.;Bestämmelser om journalhandlingar och behandlingen av dem finns bland annat i lagen om behandling av kunduppgifter inom social- och hälsovården (703/2023) och social- och hälsovårdsministeriets förordning om journalhandlingar (298/2009).|Till journalhandlingar hör bland annat anteckningar som görs av yrkesutbildade personer om servicehändelser, recept och andra anteckningar om läkemedelsbehandling som lagras i Receptcentret, upptagningar förknippade med diagnostik och utlåtanden som anknyter till dem och andra bild-, ljud- och videoupptagningar förknippade med hälso- och sjukvårdstjänster för patienten, handlingar förknippade med ordnande av hälso- och sjukvårdstjänster för patienten samt andra handlingar som har inkommit till hälso- och sjukvården.;;;;;66d50c5b-a250-4401-ba9c-fb772f6f27d8;e87e271a-556e-4525-ae29-605e9fce8da5;ae757a93-6bc7-4dd9-adba-2642eeea27fb|f9727df6-2de5-499c-8b2b-5b2a118317fc;
a5cfcf7b-ff37-439b-8bb4-d73942d0497a;potilaskertomus;patientjournal;;;;;;;;;;;terveydenhuollon ammattihenkilön kirjaamien tai laitteiden tuottamien potilasasiakirjamerkintöjen aikajärjestyksessä etenevä kokonaisuus;helhet i kronologisk form av anteckningar i journalhandlingar som en yrkesutbildad person inom hälso- och sjukvården gör eller en apparat producerar;;Jokaisesta terveydenhuollon asiakkaasta tai potilaasta tulee laatia potilaskertomus. Se voi koostua eri ammattiryhmien tekemistä tai laitteiden tuottamista, erilaisille kirjausalustoille tai tiedostoihin tallentuvista merkinnöistä. Potilaskertomukseen kuuluvat myös muut hoidon järjestämisessä ja toteuttamisessa syntyvät sähköiset ja paperiset asiakirjat, kuten lähetteet, laboratorio- ja kuvantamispyynnöt ja -lausunnot.;En patientjournal ska upprättas om varje patient eller kund inom hälso- och sjukvården. Den kan bestå av anteckningar som har gjorts av olika yrkesgrupper eller producerats av apparater och som lagrats på olika dokumentationsunderlag eller i filer. Till en patientjournal hör också andra elektroniska handlingar och handlingar i pappersform som uppkommer vid ordnande och genomförande av vård, såsom remisser, begäran och utlåtanden om laboratorie- och avbildningsundersökningar.;;;;;66d50c5b-a250-4401-ba9c-fb772f6f27d8;f4a8544d-3a2e-468f-8ce8-1becbb304cfc;11bab8bd-ca36-40ef-b1f2-fcce285a01e5|d04e1f08-aaf7-4151-a346-94ee4ed2c2fc;
534c160d-1b36-43e2-8994-2f88d07db44a;diagnoosi;diagnos;;;;;;;;;;;lääkärin tai hammaslääkärin asettama, lääketieteelliseen tietoon perustuva terveysongelman määrite;en på medicinsk kunskap baserad definition av ett hälsoproblem, vilken fastställs av en läkare eller tandläkare;;;;;;;;66d50c5b-a250-4401-ba9c-fb772f6f27d8;33554c74-3509-4c4c-957f-e7c29885a9b9;5b12b9c4-532d-4ede-9525-0995069bf8a4;
343e620c-5197-4707-8664-eadb6c1268c7;episoditunnus;episodbeteckning;;;;;;;;;;;potilastietojärjestelmän tuottama tunniste, jonka avulla samaan terveysongelmaan tai asioinnin aiheeseen liittyvät hoitoepisodien diagnoosi- ja käyntisyykirjaukset voidaan liittää samaan palvelukokonaisuuteen;beteckning som produceras av patientdatasystemet med vars hjälp diagnos- och besöksanteckningar för vårdepisoder som gäller samma hälsoproblem eller besöksorsak kan kopplas till samma servicehelhet;;Episoditunnuksella yhteen liitettävä palvelukokonaisuus voi sisältää yhden tai useita hoitoepisodeja.;En servicehelhet som kopplas samman med en episodbeteckning kan innehålla en eller flera vårdepisoder.;;;;;66d50c5b-a250-4401-ba9c-fb772f6f27d8;33554c74-3509-4c4c-957f-e7c29885a9b9;ae30b7b9-172b-466b-8ca7-f0f9cdf82cc6|534c160d-1b36-43e2-8994-2f88d07db44a|5b12b9c4-532d-4ede-9525-0995069bf8a4|40fe270b-1466-4a34-8f98-963dd9ca3bcc|3c8cf675-ecc8-4af7-829b-8adfdecfab51;
ad1f7a55-2d29-4bb4-8b41-b757cbaa98ae;esitiedot;anamnes;;anamneesi;;;;;;;;;potilastiedot, jotka terveydenhuollon asiakas tai potilas tai hänen edustajansa antaa tai tuottaa tai jotka on koottu asiakkaan tai potilaan aikaisemmista potilaskertomusmerkinnöistä ja jotka liittyvät terveystarkastuksiin tai terveysongelmien alkamiseen, oireisiin ja kulkuun tai hoitoon vaikuttaviin muihin oleellisiin tekijöihin;patientuppgifter, som patienten eller kunden inom hälso- och sjukvården eller hans eller hennes företrädare ger eller producerar eller som har sammanställts från tidigare anteckningar i patientjournalen om patienten eller kunden och som är förknippade med hälsoundersökningar eller hälsoproblemens uppkomst, symtom och förlopp eller andra väsentliga faktorer som inverkar på vården;;;;;Terveydenhuolto;Hälso- och sjukvård;;66d50c5b-a250-4401-ba9c-fb772f6f27d8;33554c74-3509-4c4c-957f-e7c29885a9b9;ae757a93-6bc7-4dd9-adba-2642eeea27fb|1ed31eb3-c505-4400-8125-090428de63f2|5b12b9c4-532d-4ede-9525-0995069bf8a4|6bf7dd11-ef2f-4f43-b708-2a3b60113a63|f9727df6-2de5-499c-8b2b-5b2a118317fc|b58fc638-2cf8-4e3e-95a1-76271887720a;a5cfcf7b-ff37-439b-8bb4-d73942d0497a
0132e92f-dc50-4a50-8098-49373d2a4c4a;fysiologinen mittaustulos;resultat av en fysiologisk mätning;;~ fysiologinen mittaus;~ fysiologisk mätning;;;;;;;;terveydenhuollon asiakkaan tai potilaan elintapojen, fyysisten elintoimintojen tai ominaisuuksien mittaamisesta tai arvioinnista saatu tulos;resultat från mätning eller bedömning av levnadsvanor, fysiska livsfunktioner eller egenskaper hos en patient eller kund inom hälso- och sjukvården;;Mittaustulos esitetään yleensä fysikaalisen suureen arvona tietyn mittayksikön mukaisesti.|Puhekielessä fysiologisiin mittaustuloksiin viitataan usein lähikäsitteen nimityksellä fysiologinen mittaus, joka tarkoittaa mittaamista toimintana.;Mätresultatet presenteras vanligen som ett fysikaliskt storhetsvärde enligt en viss måttenhet.|I talspråk hänvisar man i fråga om fysiologiska mätresultat ofta till den närliggande benämningen fysiologisk mätning, som betyder mätning som en handling.;;Terveydenhuolto;Hälso- och sjukvård;;66d50c5b-a250-4401-ba9c-fb772f6f27d8;33554c74-3509-4c4c-957f-e7c29885a9b9;f9727df6-2de5-499c-8b2b-5b2a118317fc|ae757a93-6bc7-4dd9-adba-2642eeea27fb;
2371fdc2-6b8b-47fa-95d5-1b80605feb36;hoidon arviointi;bedömning av vården;;;vårdbedömning|utvärdering av vården;;;;;;;;hoitoprosessin vaihe, jossa terveydenhuollon ammattihenkilö ja asiakas tai potilas tai tarvittaessa tämän edustaja arvioivat hoidon toteutusta ja asiakkaan tai potilaan voinnissa tapahtuneita muutoksia suhteessa hoidon suunnittelussa asetettuihin hoidon tavoitteisiin;fas i vårdprocessen, där en yrkesutbildad person inom hälso- och sjukvården och kunden eller patienten eller vid behov dennes företrädare bedömer genomförandet av vården och förändringar i kundens eller patientens tillstånd i förhållande till de mål som satts i planeringen av vården;;;;;;;;66d50c5b-a250-4401-ba9c-fb772f6f27d8;33554c74-3509-4c4c-957f-e7c29885a9b9;ae757a93-6bc7-4dd9-adba-2642eeea27fb|088ea7da-e212-4d38-abcb-e7eaa8e9088a|be552dbe-0dfd-40e3-8546-281365a92f12|ec80139e-0a5c-4b1d-a62c-56528778fdd6|f9727df6-2de5-499c-8b2b-5b2a118317fc|11bab8bd-ca36-40ef-b1f2-fcce285a01e5;0ad7ac12-049f-4271-ac9b-d5f503ac2c8d
3ff9fa46-ca64-4f86-9699-c247d0c88a7e;hoidon saatavuus;tillgång till vården;;;;;;;;;;;terveydenhuollon palvelunantajan kyky tarjota asiakkaalle tai potilaalle hänen hoidon tarpeitaan vastaavia palveluja riittävästi ja oikea-aikaisesti;förmåga hos tillhandahållaren av hälso- och sjukvård att erbjuda kunden eller patienten tjänster som motsvarar hans eller hennes behov i tillräcklig omfattning och i rätt tid;;Hoidon saatavuutta seurataan ja arvioidaan yleensä vain julkisesti rahoitetuissa terveydenhuollon palveluissa, mutta arvioinnin ja seurannan kohteina voivat olla sekä julkiset että yksityiset palvelunantajat.|Hoidon saatavuus voidaan todentaa esimerkiksi hoitoon pääsyn toteutumista koskevilla tiedoilla niissä palveluissa, joista kerätään tietoa valtakunnalliseen hoitoilmoitusrekisteriin (Hilmo).;Tillgången till vården följs upp och bedöms vanligen endast i offentligt finansierade hälso- och sjukvårdstjänster, men objekten för bedömning och uppföljning kan vara både offentliga och privata tjänstetillhandahållare.|Tillgången till vården kan konstateras till exempel med uppgifter om hur möjligheten att få vård (väntetider) uppfylls i dessa tjänster. Uppgifter om detta samlas in i det riksomfattande vårdanmälningsregistret (Hilmo).;;;;;66d50c5b-a250-4401-ba9c-fb772f6f27d8;33554c74-3509-4c4c-957f-e7c29885a9b9;f9727df6-2de5-499c-8b2b-5b2a118317fc|ae757a93-6bc7-4dd9-adba-2642eeea27fb|60809772-5603-4471-825c-26ed3669df0d;
be552dbe-0dfd-40e3-8546-281365a92f12;hoidon suunnittelu;planering av vården;;;vårdplanering;;;;;;;;hoitoprosessin vaihe, jossa terveydenhuollon ammattihenkilö ja asiakas tai potilas tai tarvittaessa tämän edustaja yhteistyössä suunnittelevat asiakkaan tai potilaan hoidon tavoitteet ja toteutuksen;fas i vårdprocessen, där en yrkesutbildad person inom hälso- och sjukvården i samarbete med kunden eller patienten eller vid behov dennes företrädare planerar målen för och genomförandet av kundens eller patientens vård;;;;;;;;66d50c5b-a250-4401-ba9c-fb772f6f27d8;33554c74-3509-4c4c-957f-e7c29885a9b9;088ea7da-e212-4d38-abcb-e7eaa8e9088a|ae757a93-6bc7-4dd9-adba-2642eeea27fb|11bab8bd-ca36-40ef-b1f2-fcce285a01e5|ec80139e-0a5c-4b1d-a62c-56528778fdd6|f9727df6-2de5-499c-8b2b-5b2a118317fc;0ad7ac12-049f-4271-ac9b-d5f503ac2c8d
915fb516-c23d-4e38-a44f-15b16ea20759;hoidon tarpeen arviointi;bedömning av vårdbehov;;hoidontarpeen arviointi;vårdbehovsbedömning;;;;;;;;hoitoprosessin eri vaiheisiin kuuluva toiminta, jossa terveydenhuollon ammattihenkilö mahdollisuuksien mukaan yhteisymmärryksessä asiakkaan tai potilaan tai tarvittaessa tämän edustajan kanssa tekee arvion asiakkaan tai potilaan tarvitsemasta hoidosta ja sen kiireellisyydestä;verksamhet som hör till olika faser i vårdprocessen och där en yrkesutbildad person inom hälso- och sjukvården enligt möjligheter i samförstånd med kunden eller patienten eller vid behov med dennes företrädare gör en bedömning av den vård kunden eller patienten behöver och hur brådskande den är;;Kiireettömän hoidon tarpeen arvioinnin lakisääteisistä määräajoista ja muista ehdoista perusterveydenhuollossa, erikoissairaanhoidossa ja lasten ja nuorten mielenterveyspalveluissa säädetään terveydenhuoltolaissa (1326/2010 § 51, § 52 ja § 53). Näiden määräaikojen ja ehtojen perusteella seurataan terveydenhuollon eri palvelunantajien hoitoon pääsyn toteutumista.;Lagstadgade tidsfrister och andra villkor för bedömning av behov av icke-brådskande vård inom primärvården, den specialiserade sjukvården och mentalvårdstjänster för barn och ungdomar föreskrivs i hälso- och sjukvårdslagen (1326/2010 § 51, § 52 och § 53). Genomförandet av möjligheten till vård (väntetider) hos olika tjänstetillhandahållare inom hälso- och sjukvården följs upp enligt dessa tidsfrister och villkor.;;;;;66d50c5b-a250-4401-ba9c-fb772f6f27d8;33554c74-3509-4c4c-957f-e7c29885a9b9;ae757a93-6bc7-4dd9-adba-2642eeea27fb|11bab8bd-ca36-40ef-b1f2-fcce285a01e5|60809772-5603-4471-825c-26ed3669df0d|f9727df6-2de5-499c-8b2b-5b2a118317fc|1ed31eb3-c505-4400-8125-090428de63f2;0ad7ac12-049f-4271-ac9b-d5f503ac2c8d
088ea7da-e212-4d38-abcb-e7eaa8e9088a;hoidon tavoite;vårdmål;;;mål för vården;;;;;;;;terveydenhuollon asiakkaan tai potilaan tai tarvittaessa tämän edustajan ja terveydenhuollon ammattihenkilön yhdessä sopima tavoite sille, mihin hoidolla pyritään asiakkaan tai potilaan terveydentilassa;mål gällande hälsotillståndet hos en patient eller kund inom hälso- och sjukvården som man strävar efter med vården och som kunden eller patienten eller vid behov dennes företrädare och en yrkesutbildad person inom hälso- och sjukvården tillsammans kommer överens om;;Hoidon tavoitteita voivat olla esimerkiksi asiakkaan tai potilaan terveydentilan, toimintakyvyn tai psyykkisen hyvinvoinnin koheneminen tai niiden ylläpito.;Vårdmål kan till exempel vara att förbättra eller upprätthålla kundens eller patientens hälsotillstånd, funktionsförmåga eller psykiska välbefinnande.;;;;;66d50c5b-a250-4401-ba9c-fb772f6f27d8;33554c74-3509-4c4c-957f-e7c29885a9b9;1ed31eb3-c505-4400-8125-090428de63f2|11bab8bd-ca36-40ef-b1f2-fcce285a01e5|ae757a93-6bc7-4dd9-adba-2642eeea27fb|f9727df6-2de5-499c-8b2b-5b2a118317fc;
ec80139e-0a5c-4b1d-a62c-56528778fdd6;hoidon toteutus;genomförande av vården;;;;;;;;;;;hoitoprosessin vaihe, jossa terveydenhuollon ammattihenkilö ja asiakas tai potilas toteuttavat suunnitellun hoidon saavuttaakseen yhdessä sovitut hoidon tavoitteet;fas i vårdprocessen, där en yrkesutbildad person inom hälso- och sjukvården och kunden eller patienten genomför den planerade vården för att uppnå de vårdmål som de tillsammans har kommit överens om;;Hoidon toteutuksessa käytettäviä keinoja ja menetelmiä voivat olla esimerkiksi tutkimukset, toimenpiteet, hoitotoimet, lääkehoidot ja rokotukset sekä asiakkaalle tai potilaalle annettu omahoidon ohjeistus ravitsemuksesta, liikunnasta ja muista elintavoista.|Laillistettu lääkäri tai hammaslääkäri päättää potilaan lääketieteellisestä tutkimuksesta, taudinmäärityksestä ja siihen liittyvästä hoidosta.;Metoder som används vid genomförandet av vården kan vara till exempel undersökningar, åtgärder, vårdåtgärder, läkemedelsbehandlingar och vaccinationer samt handledning som ges till kunden eller patienten för assisterad egenvård om kost, motion och andra levnadsvanor.|En legitimerad läkare eller tandläkare beslutar om medicinsk undersökning av en patient, diagnostisering och den vård som ska ges.;;;;;66d50c5b-a250-4401-ba9c-fb772f6f27d8;33554c74-3509-4c4c-957f-e7c29885a9b9;1ed31eb3-c505-4400-8125-090428de63f2|ae757a93-6bc7-4dd9-adba-2642eeea27fb|f9727df6-2de5-499c-8b2b-5b2a118317fc|11bab8bd-ca36-40ef-b1f2-fcce285a01e5|088ea7da-e212-4d38-abcb-e7eaa8e9088a;0ad7ac12-049f-4271-ac9b-d5f503ac2c8d
1ed31eb3-c505-4400-8125-090428de63f2;hoito;vård;;> terveydenhoito|> sairaanhoito;behandling|> hälsovård|> sjukvård;;;;;;;;terveydenhuollon asiakkaan tai potilaan ja ammattihenkilöiden toimet, jotka tähtäävät asiakkaan tai potilaan hyvinvoinnin ja terveyden edistämiseen ja ylläpitoon, hänen terveysongelmiensa tutkimiseen, lievittämiseen tai poistamiseen tai hänen kärsimystensä lievittämiseen;åtgärder av en kund eller patient och yrkesutbildade personer inom hälso- och sjukvården som är inriktade på att främja och upprätthålla kundens eller patientens välbefinnande och hälsa eller att undersöka, lindra eller avlägsna problem i kundens eller patientens hälsotillstånd;;;;;;;;66d50c5b-a250-4401-ba9c-fb772f6f27d8;33554c74-3509-4c4c-957f-e7c29885a9b9;11bab8bd-ca36-40ef-b1f2-fcce285a01e5|ae757a93-6bc7-4dd9-adba-2642eeea27fb|5b12b9c4-532d-4ede-9525-0995069bf8a4|f9727df6-2de5-499c-8b2b-5b2a118317fc;
6843b49a-54fb-4ca7-9219-7327e8d8fcca;kiireellinen hoito;brådskande sjukvård;;;;;;;;;;;äkillisen sairastumisen, vamman, pitkäaikaissairauden vaikeutumisen tai toimintakyvyn heikkenemisen edellyttämä välitön hoito, jota ei voida siirtää ilman, että terveydenhuollon asiakkaan tai potilaan terveysongelma pahenee, vamma vaikeutuu tai toimintakyky heikkenee;omedelbar vård som krävs vid plötsligt insjuknande, en skada, förvärrad kronisk sjukdom eller försämrad funktionsförmåga och som inte kan flyttas utan att hälsoproblemet hos patienten eller kunden inom hälso- och sjukvården förvärras, skadan försvåras eller funktionsförmågan försämras;;Terveydenhuollon asiakkaan tai potilaan on päästävä kiireelliseen hoitoon heti huolimatta siitä, missä hän asuu. Kiireellistä hoitoa varten terveydenhuollon palvelunjärjestäjien on varmistettava, että terveyskeskuksissa ja sairaaloissa on päivystysvastaanotot (terveydenhuoltolaki 1326/2010, § 50).|Kiireellistä hoitoa ovat erikoissairaanhoidon ja perusterveydenhuollon kiirevastaanotoilla annettava hoito, yhteispäivystyksissä annettava kiireellinen hoito, akuuttihoito erikoissairaanhoidon päivystysyksiköissä sekä ensihoito.;En patient eller kund inom hälso- och sjukvården ska ges möjlighet att komma till brådskande sjukvård omedelbart oberoende av var han eller hon är bosatt. Anordnare av tjänster inom hälso- och sjukvården ska säkerställa att det finns jourmottagningar på hälsovårdscentralerna och sjukhusen (50 § i hälso- och sjukvårdslagen 1326/2010).|Brådskande sjukvård är vård som ges på mottagningar för brådskande sjukvård inom den specialiserade sjukvården och primärvården, brådskande sjukvård som ges på samjourer, akutvård på jourenheter inom den specialiserade sjukvården samt prehospital akutsjukvård.;;;;;66d50c5b-a250-4401-ba9c-fb772f6f27d8;1ed31eb3-c505-4400-8125-090428de63f2;5b12b9c4-532d-4ede-9525-0995069bf8a4|f9727df6-2de5-499c-8b2b-5b2a118317fc|ae757a93-6bc7-4dd9-adba-2642eeea27fb;
4581fabe-ee9f-4771-8932-ab23025882b3;akuuttihoito;akutvård;;;;;;;;;;;äkillisesti sairastuneelle tai loukkaantuneelle henkilölle erikoissairaanhoidon päivystysyksikössä annettava kiireellinen hoito ja tarvittaessa kiireellisen jatkohoidon järjestäminen;brådskande sjukvård som ges på en jourenhet inom den specialiserade sjukvården till en person som har insjuknat eller skadats plötsligt och vid behov ordnande av brådskande fortsatt vård;;;;;;;;66d50c5b-a250-4401-ba9c-fb772f6f27d8;6843b49a-54fb-4ca7-9219-7327e8d8fcca;;
f684b7e4-cf40-43a8-934d-65afac53ed77;ensihoito;prehospital akutsjukvård;;;;;;;;;;;äkillisesti sairastuneelle tai loukkaantuneelle henkilölle tapahtumapaikalla annettava kiireellinen hoito ja tarvittaessa henkilön kuljettaminen terveydenhuollon hoitoyksikköön;brådskande sjukvård på händelseplatsen av en person som plötsligt har insjuknat eller skadat sig och vid behov transport av personen till en hälso- och sjukvårdsenhet;;;;;;;;66d50c5b-a250-4401-ba9c-fb772f6f27d8;6843b49a-54fb-4ca7-9219-7327e8d8fcca;;
6907b364-6ab1-4293-ae7d-ff77fdefa959;kiireetön hoito;icke-brådskande vård;;;;;;;;;;;hoito silloin, kun terveydenhuollon asiakkaan tai potillaan terveydentila ei edellytä välitöntä hoitoon pääsyä;vård när hälsotillståndet hos patienten eller kunden inom hälso- och sjukvården inte kräver omedelbar vård;;Kiireettömän hoidon toteutuksen ajankohta ja tapa ovat valittavissa. Kiireetön hoito voidaan antaa asiakkaalle tai potilaalle myös yhteydenoton aikana tai välittömästi sen jälkeen.|Kiireettömään hoitoon pääsyn aikarajoista ja muista ehdoista perusterveydenhuollossa ja erikoissairaanhoidossa on säädetty terveydenhuoltolaissa (1326/2010 § 51, 52 ja 53).|Myös kiireettömän hoidon kiireellisyys tulee arvioida sekä perusterveydenhuollossa että erikoissairaanhoidossa.;Tidpunkten och metoden för genomförande av icke-brådskande vård kan väljas. Icke-brådskande vård kan också ges till kunden eller patienten under kontakten eller omedelbart därefter.|Tidsgränser för väntetid till icke-brådskande vård och andra villkor inom primärvården och den specialiserade sjukvården föreskrivs i hälso- och sjukvårdslagen (1326/2010 § 51, 52 och 53).|Även vid icke-brådskande vård ska man bedöma hur brådskande vården är både inom primärvården och den specialiserade sjukvården.;;;;;66d50c5b-a250-4401-ba9c-fb772f6f27d8;1ed31eb3-c505-4400-8125-090428de63f2;f9727df6-2de5-499c-8b2b-5b2a118317fc|ae757a93-6bc7-4dd9-adba-2642eeea27fb|f33a1ebc-ee02-4d94-8b36-9039ca0ddcd7;
cbf6ee05-caf6-4cec-8f10-59d7927ee77b;kotisairaanhoito;hemsjukvård;;;;;;;;;;;tilapäinen tai hoito- ja palvelusuunnitelman mukainen, potilaan asuinpaikassa, kotona tai siihen verrattavassa paikassa moniammatillisesti toteutettava terveyden- ja sairaanhoito;hälso- och sjukvård enligt vård- och serviceplanen eller tillfälligt som genomförs multidisciplinärt på patientens boningsort, hemma eller på en jämförbar plats;;;;;;;;66d50c5b-a250-4401-ba9c-fb772f6f27d8;1ed31eb3-c505-4400-8125-090428de63f2;ae757a93-6bc7-4dd9-adba-2642eeea27fb;
88e5a8d5-c5a8-47a2-bbc3-b0bdb29d9b8c;ohjattu omahoito;assisterad egenvård;;omahoito;egenvård;;;;;;;;terveydenhuollon asiakkaan tai potilaan itsensä toteuttama mutta ammattihenkilön kanssa yhdessä suunnittelema hoito;vård som en patient eller kund inom hälso- och sjukvården producerar själv, men som kunden eller patienten har planerat tillsammans med en yrkesutbildad person;;Ohjattu omahoito pyritään suunnittelemaan niin, että se sopii parhaiten asiakkaan tai potilaan kulloiseenkin hoidon tarpeeseen, muutosmotivaatioon ja  yksilöllisiin resursseihin tai on muutoin asiakkaan tai potilaan riskien arvioinnin perusteella valittu paras mahdollinen hoitolinja.;Man strävar efter att planera assisterad egenvård på så sätt att den på bästa sätt motsvarar kundens eller patientens aktuella vårdbehov, förändringsmotivation och  individuella resurser eller i övrigt är den bästa möjliga vårdlinjen utifrån bedömningen av patientens eller kundens risker.;;;;;66d50c5b-a250-4401-ba9c-fb772f6f27d8;1ed31eb3-c505-4400-8125-090428de63f2;11bab8bd-ca36-40ef-b1f2-fcce285a01e5|f9727df6-2de5-499c-8b2b-5b2a118317fc|ae757a93-6bc7-4dd9-adba-2642eeea27fb;
ae30b7b9-172b-466b-8ca7-f0f9cdf82cc6;hoitoepisodi;vårdepisod;;terveysongelman episodi|episodi;;;;;;;;;terveydenhuollon asiakkaan tai potilaan tiettyyn terveysongelmaan tai muuhun asioinnin aiheeseen liittyvien palvelutapahtumien muodostama ajallinen kokonaisuus;tidsmässig helhet som bildas av servicehändelser eller annan anknytande ärendeskötsel för ett visst hälsoproblem hos en patient eller kund inom hälso- och sjukvården;;Hoitoepisodit voidaan rajata ajallisesti eri tavoin, esimerkiksi yhden kalenterivuoden tai usean vuoden mittaisiksi. Hoitoepisodit voidaan rajata myös joko palveluntuottajakohtaisesti tai niin, että episodiin otetaan mukaan asiakkaan tai potilaan samaan terveysongelmaan liittyvät palvelutapahtumat eri terveydenhuollon organisaatioissa.;Vårdepisoder kan begränsas tidsmässigt på olika sätt, så att de till exempel omfattar ett eller flera år. Vårdepisoder kan också begränsas antingen enligt tjänsteproducent eller på så sätt att servicehändelser i olika hälso- och sjukvårdsorganisationer vilka anknyter till samma hälsoproblem hos kunden eller patienten tas med i episoden.;;;;;66d50c5b-a250-4401-ba9c-fb772f6f27d8;33554c74-3509-4c4c-957f-e7c29885a9b9;5b12b9c4-532d-4ede-9525-0995069bf8a4|ae757a93-6bc7-4dd9-adba-2642eeea27fb|1ed31eb3-c505-4400-8125-090428de63f2|f9727df6-2de5-499c-8b2b-5b2a118317fc;
abaecbe3-fbdc-47a8-8a61-d96c07458970;hoitoisuus;vårdtyngd;;;vårdklass;;;;;;;;terveydenhuollon asiakkaan tai potilaan saaman hoidon arvioitu vaativuus hoitohenkilöstön mitoittamiseksi sekä hoitotyön kustannusten ja laadun arvioimiseksi;uppskattning av hur krävande vård en patient eller kund inom hälso- och sjukvården har fått för dimensionering av vårdpersonalen och bedömning av kostnaderna och kvaliteten för vårdarbetet;;Hoitohenkilöstöllä tarkoitetaan esim. sairaanhoitajia, kätilöitä ja lähihoitajia mutta ei lääkäreitä tai terapeutteja.|Hoitoisuutta voidaan arvioida erilaisilla hoitoisuusluokitusmittareilla.;Med vårdpersonal avses till exempel sjukskötare, barnmorskor och närvårdare men inte läkare eller terapeuter.|Vårdtyngden kan bedömmas med olika mätare för vårdtyngdsklassificering.;;;;;66d50c5b-a250-4401-ba9c-fb772f6f27d8;33554c74-3509-4c4c-957f-e7c29885a9b9;ae757a93-6bc7-4dd9-adba-2642eeea27fb|1ed31eb3-c505-4400-8125-090428de63f2|f9727df6-2de5-499c-8b2b-5b2a118317fc;
e5744be3-7385-4d8b-a90a-0cf6eed4c18a;hoitojono;vårdkö;;;;;;;;;;;kiireettömään hoitoon pääsyä kiireellisyysjärjestyksessä odottavien henkilöiden joukko;kö till icke-brådskande vård för en grupp personer som väntar i prioritetsordning;;;;;;;;66d50c5b-a250-4401-ba9c-fb772f6f27d8;33554c74-3509-4c4c-957f-e7c29885a9b9;f33a1ebc-ee02-4d94-8b36-9039ca0ddcd7|6907b364-6ab1-4293-ae7d-ff77fdefa959;
f33a1ebc-ee02-4d94-8b36-9039ca0ddcd7;hoitoon pääsy;~ väntetid inom vården;;hoitoonpääsy;~ möjlighet att få vård;;hoitotakuu;vårdgaranti;;;;;terveydenhuollon palvelunantajan kyky käynnistää ja toteuttaa yhteydenoton tai lähetteen saapumisen jälkeen hoidon tarpeen arviointi sekä arvioinnin mukainen hoito lainsäädännössä määritettyjen aikarajojen ja muiden ehtojen mukaisesti;förmåga hos tjänstetillhandahållaren inom hälso- och sjukvården att efter en kontakt eller att en remiss inkommit inleda och genomföra bedömning av vårdbehovet samt ge vård enligt bedömningen inom den lagstadgade tidsfristen och enligt övriga villkor;;Terveyden ja hyvinvoinnin laitos raportoi hoitoon pääsyn tietoja, ja aluehallintovirastot ja Valvira valvovat hoitoon pääsyn toteutumista eri palvelunantajien toiminnassa.|Termiä hoitotakuu ei suositeta käytettäväksi hoitoon pääsystä, koska sen voi tulkita tarkoittavan subjektiivista oikeutta saada hoitoa tiettynä aikana tietyltä palvelunantajalta, eikä tällaista oikeutta ole terveydenhuollossa (vrt. esimerkiksi subjektiivinen oikeus varhaiskasvatukseen).;Institutet för hälsa och välfärd rapporterar uppgifter om väntetider inom vården, och regionförvaltningsverken och Valvira övervakar genomförandet av möjligheten att få vård (väntetider) i olika tjänstetillhandahållares verksamhet.|Termen vårdgaranti rekommenderas inte i betydelsen väntetider inom vården, eftersom detta kan tolkas som subjektiv rätt att få vård inom en viss tid hos en viss tjänstetillhandahållare, och en sådan rätt finns inte inom hälso- och sjukvården (jfr. till exempel subjektiv rätt till småbarnspedagogik).;;;;;66d50c5b-a250-4401-ba9c-fb772f6f27d8;33554c74-3509-4c4c-957f-e7c29885a9b9;1ed31eb3-c505-4400-8125-090428de63f2|915fb516-c23d-4e38-a44f-15b16ea20759|dcb72286-682b-476e-b375-b65f207482f8|d0ee1239-7440-4653-8e9f-869176587a44;
f94779e9-10f4-4f59-a3f5-14eec64c3f35;hoitosuhde;vårdrelation;;;vårdförhållande;;;;;;;;tiettyyn hoitovastuuseen liittyvä terveydenhuollon ammattihenkilön ja asiakkaan tai potilaan välinen vuorovaikutussuhde;interaktion som är förknippad med ett visst vårdansvar mellan en yrkesutbildad person inom hälso- och sjukvården och kunden eller patienten;;;;;;;;66d50c5b-a250-4401-ba9c-fb772f6f27d8;33554c74-3509-4c4c-957f-e7c29885a9b9;11bab8bd-ca36-40ef-b1f2-fcce285a01e5|ae757a93-6bc7-4dd9-adba-2642eeea27fb|51175697-dada-4418-bc40-f26bc674b287;
6e3ef73d-dfd6-44a0-9f9b-eb0b838087cf;hoitotarvike;förbrukningsartikel;;;sjukvårdsartikel|vårdtillbehör;;;;;;;;tarvike, joka on tarkoitettu terveydenhuollon asiakkaiden ja potilaiden hoitoa varten;artikel, som är avsedd för vård av patienter eller kunder inom hälso- och sjukvården;;Hoitotarvikkeita ovat esimerkiksi verensokeriliuskat, insuliiniruiskut, katetrit, kanyylit, tyhjennyspussit, sidetarvikkeet, vaipat, maskit, happiletkut, happiviikset ja suodattimet.;Exempel på förbrukningsartiklar är teststickor, insulinsprutor, katetrar, kanyler, tömningspåsar, blöjor, masker, syreslangar, näsgrimma samt filter.;;;;;66d50c5b-a250-4401-ba9c-fb772f6f27d8;33554c74-3509-4c4c-957f-e7c29885a9b9;f9727df6-2de5-499c-8b2b-5b2a118317fc|ae757a93-6bc7-4dd9-adba-2642eeea27fb;
5384e959-725e-429e-8b7a-189a812a8292;hoitotoimi;vårdåtgärd;;;vårdaktivitet;;hoitotyön toiminto;vårdfunktion;;toimenpide;;;terveydenhuollon asiakkaan tai potilaan hoidon suunnitteluun tai toteutukseen kuuluva, terveydenhuollon ammattihenkilön tekemä yksittäinen toiminto tai toimintojen kokonaisuus;enskild åtgärd eller en åtgärdshelhet som utförs av en yrkesutbildad person inom hälso- och sjukvården och som ingår i planeringen eller genomförandet av vården för en patient eller kund inom hälso- och sjukvården;;Osa hoitotoimista voi olla hoidollisia toimenpiteitä (esim. ompeleen poistaminen, haavanhoito) ja osa voi olla potilaan auttamista tai ohjausta päivittäisissä toiminnoissa (esim. ruokailussa, peseytymisessä).;En del av vårdåtgärderna kan vara behandlingsåtgärder (t.ex. att ta bort stygn, sårvård) och en del kan vara att hjälpa och handleda patienten i dagliga funktioner (t.ex. vid måltider, skötsel av hygienen).;;;;;66d50c5b-a250-4401-ba9c-fb772f6f27d8;33554c74-3509-4c4c-957f-e7c29885a9b9;f9727df6-2de5-499c-8b2b-5b2a118317fc|ae757a93-6bc7-4dd9-adba-2642eeea27fb|ec80139e-0a5c-4b1d-a62c-56528778fdd6|be552dbe-0dfd-40e3-8546-281365a92f12;be552dbe-0dfd-40e3-8546-281365a92f12|ec80139e-0a5c-4b1d-a62c-56528778fdd6
51175697-dada-4418-bc40-f26bc674b287;hoitovastuu;vårdansvar;;;;;;;;;;;terveydenhuollon palvelunantajan tai yksittäisen ammattihenkilön vastuu hoidon tarpeen arvioinnista ja sen perusteella terveydenhuollon asiakkaalle tai potilaalle annettavasta, tavoitteiden mukaisesta hoidosta;ansvar hos tjänstetillhandahållaren eller en enskild yrkesutbildad person inom hälso- och sjukvården för bedömning av vårdbehovet och den vård enligt målen som ska ges till patienten eller kunden inom hälso- och sjukvården utifrån bedömningen;;;;;;;;66d50c5b-a250-4401-ba9c-fb772f6f27d8;33554c74-3509-4c4c-957f-e7c29885a9b9;11bab8bd-ca36-40ef-b1f2-fcce285a01e5|915fb516-c23d-4e38-a44f-15b16ea20759|1ed31eb3-c505-4400-8125-090428de63f2|f9727df6-2de5-499c-8b2b-5b2a118317fc|ae757a93-6bc7-4dd9-adba-2642eeea27fb|088ea7da-e212-4d38-abcb-e7eaa8e9088a;
012b2f21-e26e-4c37-9a7d-e0d227731bbf;itsehoito;självvård;;;;;;egenvård;;;;;henkilön oma-aloitteinen toiminta terveydentilansa ja hyvinvointinsa arvioimiseksi, edistämiseksi ja ylläpitämiseksi;personens aktivitet på eget initiativ för bedömning, främjande, och upprätthållande av sitt hälsotillstånd och välbefinnande;;Itsehoitoon ei liity asiakas- tai hoitosuhdetta sosiaali- tai terveydenhuollon palvelunantajaan tai ammattihenkilöön.|Ks. myös ohjattu omahoito.;Självvård innefattar inte en kund- eller vårdrelation mellan en tjänstetillhandahållare eller yrkesutbildad person inom social- och hälsovården och patienten.|Se också assisterad egenvård.;;;;;66d50c5b-a250-4401-ba9c-fb772f6f27d8;33554c74-3509-4c4c-957f-e7c29885a9b9;;
5b584098-3c00-49d5-9132-8be37f5bc316;keskeiset terveystiedot;de centrala hälso- och sjukvårdsuppgifterna;;keskeiset potilastiedot;de centrala patientuppgifterna;;keskeiset hoitotiedot;de centrala vårduppgifterna;;;;;terveydenhuollon asiakkaan tai potilaan terveyteen ja hoitoon liittyvät tarpeelliset ja välttämättömät potilastiedot;behövliga och nödvändiga patientuppgifter förknippade med hälsan och vården för en patient eller kund inom hälso- och sjukvården;;Tiedonhallintapalvelun koosteen keskeisiä terveystietoja ovat muun muassa diagnoosit, riskitiedot, lääkitystiedot, rokotustiedot, laboratoriotutkimustulokset, toimenpiteet, kuvantamistutkimukset, fysiologiset mittaustulokset ja toimintakykytiedot.;Centrala hälso- och sjukvårdsuppgifter i en sammanställning i Informationshanteringstjänsten omfattar bland annat diagnoser, riskuppgifter, medicineringsuppgifter, vaccinationsuppgifter, resultat av laboratorieundersökningar, uppgifter om åtgärder och bilddiagnostiska undersökningar, resultat av fysiologiska mätningar samt uppgifter om funktionsförmåga.;;;;;66d50c5b-a250-4401-ba9c-fb772f6f27d8;33554c74-3509-4c4c-957f-e7c29885a9b9;f9727df6-2de5-499c-8b2b-5b2a118317fc|ae757a93-6bc7-4dd9-adba-2642eeea27fb|1ed31eb3-c505-4400-8125-090428de63f2|fb2eced2-b34b-432c-b173-3be5f1313e54|01210070-0793-4b27-aebb-b86fdff89850;01210070-0793-4b27-aebb-b86fdff89850
a54c14ab-af92-418b-a15b-954c35819b1e;konsultaatiopyyntö;konsultationsbegäran;;;;;konsultaatio;konsultation;;;;;sosiaali- tai terveydenhuollon ammattihenkilön pyyntö toiselle ammattihenkilölle saada neuvontaa terveydenhuollon asiakasta tai potilasta koskevassa asiassa;begäran av en yrkesutbildad person inom social- eller hälsovården till en annan yrkesutbildad person om att få råd i ett ärende som gäller en patient eller kund inom hälso- och sjukvården;;;;;;;;66d50c5b-a250-4401-ba9c-fb772f6f27d8;33554c74-3509-4c4c-957f-e7c29885a9b9;11bab8bd-ca36-40ef-b1f2-fcce285a01e5|ae757a93-6bc7-4dd9-adba-2642eeea27fb|f9727df6-2de5-499c-8b2b-5b2a118317fc;
b15e17d5-d8f8-4f42-9a84-7207b9488c2e;konsultaatiovastaus;konsultationssvar;;;;;konsultaatio;konsultation;;;;;sosiaali- tai terveydenhuollon ammattihenkilön pyynnöstä antama neuvonta toiselle ammattihenkilölle terveydenhuollon asiakasta tai potilasta koskevassa asiassa;råd som ges av en yrkesutbildad person inom social- eller hälsovården på begäran till en annan yrkesutbildad person i ett ärende som gäller en patient eller kund inom hälso- och sjukvården;;;;;;;;66d50c5b-a250-4401-ba9c-fb772f6f27d8;33554c74-3509-4c4c-957f-e7c29885a9b9;f9727df6-2de5-499c-8b2b-5b2a118317fc|ae757a93-6bc7-4dd9-adba-2642eeea27fb|11bab8bd-ca36-40ef-b1f2-fcce285a01e5;
13f86b87-a2c4-4023-9903-ce5f6b827ff8;kontakti;kontakt;;> hoitokontakti;> vårdkontakt;;;;;;;;sosiaali- tai terveydenhuollon ammattihenkilön ja asiakkaan tai potilaan tai tämän edustajan välinen vuorovaikutustilanne asiakasta tai potilasta koskevan asian tai terveysongelman käsittelemiseksi;växelverkan mellan en yrkesutbildad person inom social- eller hälsovården och kunden eller patienten eller hans eller hennes företrädare för behandling av ett ärende eller ett hälsoproblem som gäller kunden eller patienten;;Terveydenhuollossa palvelutapahtumat ja hoitotapahtumat (hoitojaksot, käynnit, etäasiointitapahtumat) voivat sisältää joko yhden tai useita eri kontakteja ammattihenkilön ja asiakkaan tai potilaan välillä.|Kontakteja voidaan eritellä erilaisten jaotteluperusteiden ja ominaisuuksien mukaisesti, esim. lähi- ja etäkontaktit, reaaliaikaiset ja ei-reaaliaikaiset kontaktit, lyhytkestoiset ja pitkäkestoiset kontaktit, kertaluonteiset ja toistuvat kontaktit sekä suunnitellut ja ei-suunnitellut kontaktit.|Lähikontaktissa osapuolet ovat vuorovaikutuksessa keskenään samassa fyysisessä paikassa tai tilassa. Lähikontakti perustuu aina reaaliaikaiseen vuorovaikutukseen. Etäkontaktissa osapuolet ovat vuorovaikutuksessa keskenään eri fyysisistä paikoista. Etäkontakti voi perustua joko reaaliaikaiseen tai ei-reaaliaikaiseen vuorovaikutukseen. Etäkontakti voidaan toteuttaa esimerkiksi puhelimitse, videoyhteydellä, sähköpostitse tai sähköisen asiointipalvelun avulla.|Reaaliaikainen kontakti tarkoittaa osapuolten välitöntä, samanaikaisesti tapahtuvaa vuorovaikutusta. Ei-reaaliaikainen kontakti tarkoittaa osapuolten eriaikaisesti tapahtuvaa vuorovaikutusta.|Lyhytkestoiset kontaktit voidaan rajata osapuolten väliseen vuorovaikutukseen, joka ajoittuu joko saman vuorokauden ajalle tai kahden vuorokauden ajalle siten, että vuorovaikutus kestää korkeintaan 18 tuntia. Pitkäkestoiset kontaktit voidaan rajata osapuolten väliseen vuorovaikutukseen, joka ajoittuu kahden tai usean vuorokauden ajalle ja kestää yli 18 tuntia. Näiden aikarajausten perusteella voidaan määrittää, että hoitojaksot perustuvat pitkäkestoisiin kontakteihin ja käynnit lyhytkestoisiin kontakteihin. Etäasiointitapahtumat perustuvat yleensä lyhytkestoisiin kontakteihin.|Kertaluonteisessa kontaktissa osapuolet ovat vuorovaikutuksessa keskenään vain yhden kerran. Vuorovaikutus voi tapahtua joko suunnitellusti tai ei-suunnitellusti. Toistuvissa kontakteissa osapuolet ovat vuorovaikutuksessa keskenään etukäteen suunnitellun sarjan mukaisesti siten, että kunkin kontaktin aikana toteutetaan samanlaiset toimenpiteet asiakkaan tai potilaan saman tunnistetun asian tai terveysongelman käsittelemiseksi.|Suunnitellussa kontaktissa osapuolet ovat vuorovaikutuksessa keskenään etukäteen sovittuna ajankohtana ja etukäteen sovitulla tavalla. Ei-suunnitellussa kontaktissa osapuolet ovat vuorovaikutuksessa keskenään yllättäen, ei-sovitulla tavalla.;Inom hälso- och sjukvården kan servicehändelser och vårdhändelser (vårdperioder, besök, händelser av ärendehantering på distans) innehålla antingen en eller flera kontakter mellan en yrkesutbildad person och kunden eller patienten.|Kontakterna kan sorteras enligt olika indelningsgrunder och egenskaper, t.ex. enligt när- och distanskontakter, kontakter i realtid och i icke-realtid, kortvariga och långvariga kontakter, kontakter av engångskaraktär och återkommande kontakter samt planerade och oplanerade kontakter.|Vid närkontakter växelverkar parterna med varandra på samma fysiska plats eller i samma rum. Närkontakt grundar sig alltid på växelverkan i realtid. Vid distanskontakt växelverkar parterna med varandra på olika fysiska platser. Distanskontakten kan grunda sig på växelverkan antingen i realtid eller icke-realtid. Distanskontakt kan genomföras till exempel via telefon, videoförbindelse, e-post eller e-tjänst.|Med kontakt i realtid avses växelverkan som sker direkt och samtidigt mellan parterna. Med kontakt i icke-realtid avses växelverkan som sker vid olika tidpunkter för parterna.|Kortvariga kontakter kan avgränsas till växelverkan mellan parterna som är förlagd till samma dygn eller två dygn, på så sätt att växelverkan sker under högs 18 timmar. Långvariga kontakter kan avgränsas till växelverkan mellan parterna som är förlagd till två eller flera dygn och varar över 18 timmar. Utifrån dessa tidsgränser kan man fastställa att vårdperioder grundar sig på långvariga kontakter och besök på kortvariga kontakter. Händelser av ärendehantering på distans grundar sig vanligen på kortvariga kontakter.|Vid kontakter av engångskaraktär växelverkar parterna med varandra endast en gång. Växelverkan kan ske antingen planerat eller oplanerat. Vid återkommande kontakter växelverkar parterna enligt en i förväg planerad serie på så sätt, att de under varje kontakt genomför liknande åtgärder för behandling av samma identifierade ärende eller hälsoproblem hos kunden eller patienten.|Vid planerade kontakter växelverkar parterna med varandra under tidpunkter och på sätt som de tillsammans har kommit överens om i förväg. Vid icke-planerade kontakter växelverkar parterna med varandra överraskande, på ett sätt som de inte har kommit överens om i förväg.;;Sosiaali- ja terveydenhuolto;Social- och hälsovård;;66d50c5b-a250-4401-ba9c-fb772f6f27d8;33554c74-3509-4c4c-957f-e7c29885a9b9;11bab8bd-ca36-40ef-b1f2-fcce285a01e5|ae757a93-6bc7-4dd9-adba-2642eeea27fb|f9727df6-2de5-499c-8b2b-5b2a118317fc|5b12b9c4-532d-4ede-9525-0995069bf8a4;
dcb72286-682b-476e-b375-b65f207482f8;yhteydenotto;inledande kontakt;;;;;;;;;;;terveydenhuollon asiakkaan tai potilaan tai tämän edustajan ja palvelunantajan välinen kontakti palveluprosessin tai jonkun sen vaiheen käynnistämiseksi;kontakt mellan en patient eller kund inom hälso- och sjukvården eller dennes företrädare och tjänstetillhandahållaren för inledning av en serviceprocess eller någon fas i denna;;Yhteydenotto voi toteutua reaaliaikaisesti kasvokkain tai sähköisen asiointikanavan kautta tai ei-reaaliaikaisesti esimerkiksi viestinvaihdon kautta.;En inledande kontakt kan genomföras i realtid ansikte mot ansikte eller via en elektronisk kanal eller i icke-realtid till exempel genom meddelandeväxling.;;Terveydenhuolto;Hälso- och sjukvård;;66d50c5b-a250-4401-ba9c-fb772f6f27d8;13f86b87-a2c4-4023-9903-ce5f6b827ff8;13f86b87-a2c4-4023-9903-ce5f6b827ff8|c16ec293-631e-48f5-9cb4-50db3e9dba20|f9727df6-2de5-499c-8b2b-5b2a118317fc|ae757a93-6bc7-4dd9-adba-2642eeea27fb;
455040bc-247c-47aa-9dc7-1ed9847200cd;kotihoito;hemvård;;;;;;;;;;;kotiin annettava sosiaalipalvelu, jossa huolehditaan siitä, että sosiaalihuollon asiakas suoriutuu jokapäiväiseen elämään kuuluvista toiminnoista, ja jossa annetaan myös hänen tarvitsemaansa kotisairaanhoitoa;socialservice som tillhandahålls i hemmet i syfte att säkerställa att en socialvårdsklient klarar av de funktioner som hör till det dagliga livet och där klienten också får den hemsjukvård han eller hon behöver;;Kotihoitoon kuuluu sosiaalihuollon asiakkaan yksilöllisen tarpeen mukainen hoito ja huolenpito, toimintakykyä ja vuorovaikutusta edistävä ja ylläpitävä toiminta, muu asiakkaan suoriutumista tukeva toiminta sekä terveydenhuoltolain (1326/2010) mukainen kotisairaanhoito.|Kotihoitoa järjestetään henkilölle, jonka toimintakyky on alentunut korkean iän, sairauden, vamman tai muun vastaavan syyn vuoksi, sekä henkilölle, joka tarvitsee kotihoitoa erityisen perhe- tai elämäntilanteen perusteella.;Hemvården omfattar enligt socialvårdsklientens individuella behov vård och omsorg, verksamhet som främjar och upprätthåller funktionsförmåga och interaktion, annan verksamhet som stödjer klientens förmåga att klara sig samt hemsjukvård enligt hälso- och sjukvårdslagen (1326/2010).|Hemvård ordnas för personer som behöver den på den grunden att deras funktionsförmåga är nedsatt på grund av hög ålder, sjukdom eller skada eller av någon annan motsvarande orsak och för personer som behöver den på grund av en särskild familje- eller livssituation.;;;;;66d50c5b-a250-4401-ba9c-fb772f6f27d8;33554c74-3509-4c4c-957f-e7c29885a9b9;cbf6ee05-caf6-4cec-8f10-59d7927ee77b;
830ecc70-dd9b-49d6-b051-72c76afdd10b;kuntoutus;rehabilitering;;;;;;;;;;;työ- tai toimintakyvyn ylläpitämiseen, kohentamiseen tai palauttamiseen tähtäävä toiminta;verksamhet för att upprätthålla, förbättra eller återställa arbets- och funktionsförmågan;;Kuntoutus voi olla lääkinnällistä, ammatillista, sosiaalista tai kasvatuksellista kuntoutusta.|Kuntoutus perustuu yleensä kuntoutussuunnitelmaan ja sen toteutumisen arviointiin.|Lääkinnällisen ja sosiaalisen kuntoutuksen järjestäminen on hyvinvointialueiden tehtävä. Lääkinnällisestä kuntoutuksesta säädetään terveydenhuoltolaissa (1326/2010) ja sosiaalisesta kuntoutuksesta sosiaalihuoltolaissa (1301/2014). Kela järjestää Kansaneläkelaitoksen kuntoutusetuuksista ja kuntoutusrahaetuuksista annetun lain (566/2005) mukaisesti ammatillista kuntoutusta, vaativaa lääkinnällistä kuntoutusta, kuntoutuspsykoterapiaa ja harkinnanvaraista kuntoutusta sekä tukee kuntoutuksen ajan toimeentuloa.;Rehabilitering kan vara medicinsk, yrkesinriktad, social eller pedagogisk.|Rehabiliteringen grundar sig vanligen på en rehabiliteringsplan och utvärdering av dess genomförande.|Välfärdsområdena har till uppgift att ordna medicinsk och social rehabilitering. Bestämmelser om medicinsk rehabilitering finns i hälso- och sjukvårdslagen (1326/2010) och bestämmelser om social rehabilitering i socialvårdslagen (1301/2014). FPA ordnar enligt lagen om Folkpensionsanstaltens rehabiliteringsförmåner och rehabiliteringspenningförmåner (566/2005) yrkesinriktad rehabilitering, krävande medicinsk rehabilitering, rehabiliterande psykoterapi och rehabilitering enligt prövning samt stöder utkomsten under rehabiliteringen.;;;;;66d50c5b-a250-4401-ba9c-fb772f6f27d8;33554c74-3509-4c4c-957f-e7c29885a9b9;;
40fe270b-1466-4a34-8f98-963dd9ca3bcc;käyntisyy;besöksorsak;;käynnin syy;;;;;;;;;muun terveydenhuollon ammattihenkilön kuin lääkärin tai hammaslääkärin arvioima syy terveydenhuollon asiakkaan tai potilaan hoitoon hakeutumiseen;orsak som har bedömts av någon annan yrkesutbildad person inom hälso- och sjukvården än en läkare eller tandläkare till att patienten eller kunden inom hälso- och sjukvården har uppsökt vård;;Vrt. diagnoosi ja tulosyy.|Käyntisyy voidaan kirjata perusterveydenhuollon ICPC 2 -luokituksen tai lääkärin aiemmin potilaalle diagnosoimien tautitilojen ICD-10-koodeja käyttäen. Potilaskertomuksessa käyntisyy kirjataan hoidon syy -otsikon alle.;Jfr diagnos och ankomstorsak.|Besöksorsaken kan antecknas genom användning av ICPC-2 Klassifikation inom primärvården eller ICD-10-koder som använts av läkare tidigare vid diagnostisering av patientens sjukdomstillstånd. I patientjournalen antecknas besöksorsaken under rubriken orsak till vård.;;Terveydenhuolto;Hälso- och sjukvård;;66d50c5b-a250-4401-ba9c-fb772f6f27d8;33554c74-3509-4c4c-957f-e7c29885a9b9;1ed31eb3-c505-4400-8125-090428de63f2|ae757a93-6bc7-4dd9-adba-2642eeea27fb|11bab8bd-ca36-40ef-b1f2-fcce285a01e5|f9727df6-2de5-499c-8b2b-5b2a118317fc;
d0ee1239-7440-4653-8e9f-869176587a44;lähete;remiss;;;;;;;;;;;asiakasta tai potilasta koskeva yksilöity palvelupyyntö, jonka sosiaali- tai terveydenhuollon palveluntuottaja esittää toiselle palveluntuottajalle tai saman palveluntuottajan toiselle yksikölle;individualiserad servicebegäran gällande en kund eller patient, som en tjänsteproducent inom social- eller hälsovården framför till en annan tjänsteproducent eller en annan enhet hos samma tjänsteproducent;;Terveydenhuollossa on käytössä sekä ulkoisia että sisäisiä lähetteitä. Ulkoisilla lähetteillä esitetään asiakasta tai potilasta koskeva yksilöity palvelupyyntö toiselle terveydenhuollon organisaatiolle, mikä tarkoittaa yleensä hoitovastuun siirtämistä lähetteen vastaanottavalle organisaatiolle. Sisäiset lähetteet laaditaan samassa organisaatiossa toimivalle toisen erikoisalan tai palvelualan yksikölle, jolloin hoitovastuu ei välttämättä siirry lähetteen vastaanottajalle.|Laboratorio- ja kuvantamistutkimusten pyynnöt eivät ole lähetteitä.;Inom hälso- och sjukvården används både externa och interna remisser. Med en extern remiss framförs en individualiserad servicebegäran gällande en kund eller patient till en annan organisation inom hälso- och sjukvården, vilket vanligen innebär att vårdansvaret överförs till den organisation som tar emot remissen. Interna remisser upprättas till en annan enhet som verkar inom samma organisation inom en annan specialitet eller servicebransch, varvid vårdansvaret inte nödvändigtvis överförs till mottagaren av remissen.|Begäran om laboratorie- och avbildningsundersökningar är inte remisser.;;Sosiaali- ja terveydenhuolto;Social- och hälsovård;;66d50c5b-a250-4401-ba9c-fb772f6f27d8;33554c74-3509-4c4c-957f-e7c29885a9b9;f9727df6-2de5-499c-8b2b-5b2a118317fc|ae757a93-6bc7-4dd9-adba-2642eeea27fb;
a4dbf696-c08c-4d91-8e39-bea1252baa78;lääkinnällinen laite;medicinteknisk produkt;;;;;;;;;;;;;;Euroopan unionin asetuksen (2017/745) mukaan lääkinnällisellä laitteella tarkoitetaan instrumenttia, laitteistoa, välinettä, ohjelmistoa, implanttia, reagenssia, materiaalia tai muuta tarviketta, jonka valmistaja on tarkoittanut käytettäväksi ihmisillä, joko yksinään tai yhdistelminä, seuraaviin lääketieteellisiin tarkoituksiin: sairauden diagnosointi, ehkäisy, ennakointi, ennusteen laatiminen, tarkkailu, hoito tai lievitys, vamman tai toimintarajoitteen diagnosointi, tarkkailu, hoito, lievitys tai kompensointi, anatomian taikka fysiologisen tai patologisen toiminnon tai tilan tutkiminen, korvaaminen tai muuntaminen, tietojen saaminen ihmiskehon ulkopuolella (in vitro) suoritettavien tutkimusten avulla ihmiskehosta otetuista näytteistä, mukaan lukien elinten, veren ja kudosten luovutukset, ja jonka pääasiallista aiottua vaikutusta ihmiskehossa tai -kehoon ei saavuteta farmakologisin, immunologisin tai metabolisin keinoin mutta jonka toimintaa voidaan tällaisilla keinoilla edistää. Myös seuraavia tuotteita pidetään lääkinnällisinä laitteina: hedelmöitymisen säätelyyn tai tukemiseen tarkoitetut laitteet, 1 artiklan 4 kohdassa tarkoitettujen laitteiden ja tämän kohdan ensimmäisessä alakohdassa tarkoitettujen laitteiden puhdistukseen, desinfiointiin tai sterilointiin nimenomaisesti tarkoitetut tuotteet.|Valmistajan tulee rekisteröidä lääkinnälliset laitteet, ja niiden tulee saada   hyväksymismerkintä sertifiointimenettelyssä. Fimea valvoo lääkinnällisten laitteiden vaatimustenmukaisuutta ja alan toimijoita Suomessa.;Enligt Europeiska unionens förordning (2017/745) avses med medicinteknisk produkt följande: instrument, apparat, anordning, programvara, implantat, reagens, material eller annan artikel som enligt tillverkaren är avsedd att, antingen separat eller i kombination, användas på människor för ett eller flera av följande medicinska ändamål, nämligen diagnos, profylax, övervakning, prediktion, prognos, behandling eller lindring av sjukdom| diagnos, övervakning, behandling, lindring av eller kompensation för en skada eller funktionsnedsättning| undersökning, ersättning eller ändring av anatomin eller av en fysiologisk eller patologisk process eller ett fysiologiskt eller patologiskt tillstånd| tillhandahållande av information genom undersökning in vitro av prover från människokroppen, inklusive donationer av organ, blod och vävnad, och som inte uppnår sin huvudsakliga, avsedda verkan i eller på människokroppen med hjälp av farmakologiska, immunologiska eller metaboliska medel, men som kan understödjas i sin funktion av sådana medel. Följande artiklar ska också anses vara medicintekniska produkter: Produkter avsedda för befruktningskontroll eller fertilitetsstöd. Artiklar särskilt avsedda för rengöring, desinficering eller sterilisering av de produkter som avses i artikel 1.4 och sådana som avses i första stycket i detta led.|Tillverkaren ska registrera medicintekniska produkter, och dessa måste få en anteckning om godkännande vid certifieringsförfarandet. Fimea övervakar överensstämmelse med kraven för medicintekniska produkter och aktörer i branschen i Finland.;;;;;66d50c5b-a250-4401-ba9c-fb772f6f27d8;33554c74-3509-4c4c-957f-e7c29885a9b9;1ed31eb3-c505-4400-8125-090428de63f2;
ba51823a-05f7-4656-814a-a359071b7f91;merkintä;anteckning;;;;;;;;;;;yhden käyttäjän samalla kertaa asiakirjaan kirjaamien tai laitteen tuottamien, samojen metatietojen sitomien tietojen yksikkö;uppgiftsenhet som en användare eller en apparat på samma gång dokumenterar i en handling och som binds av samma metadata;;Merkintä on pienin terveydenhuollon prosesseissa syntyvä sisältökokonaisuus tai asiakirjallinen tieto.;En anteckning är den minsta innehållshelhet eller dokumentära information som skapas i processerna inom hälso- och sjukvården.;;;;;66d50c5b-a250-4401-ba9c-fb772f6f27d8;33554c74-3509-4c4c-957f-e7c29885a9b9;;325afdf4-0fe4-4a6c-a5af-a4acc4c49b2e
d04e1f08-aaf7-4151-a346-94ee4ed2c2fc;potilasasiakirjamerkintä;anteckning i journalhandling;;;;;;;;;;;merkintä, jonka terveydenhuollon asiakkaan tai potilaan hoitoon osallistuva terveydenhuollon ammattihenkilö tekee tai laite tuottaa potilasasiakirjaan;anteckning som görs av en yrkesutbildad person inom hälso- och sjukvården som deltar i vården av en patient eller kund inom hälso- och sjukvården eller som produceras av en apparat i journalhandlingen;;Potilasasiakirjamerkintöjen tulee sisältää terveydenhuollon asiakkaan tai potilaan hyvän hoidon järjestämisen, suunnittelun, toteutuksen ja seurannan turvaamiseksi tarpeelliset sekä laajuudeltaan riittävät tiedot.|Kanta-palveluihin tallennettavien sähköisten potilasasiakirjojen rakenteissa ja merkinnöissä tulee käyttää Terveyden ja hyvinvoinnin laitoksen hyväksymien, sosiaali- ja terveydenhuollon valtakunnallisella koodistopalvelimella julkaisemien velvoittavien tietomääritysten ja koodistojen mukaisia rakenteita ja merkintöjä.;Anteckningarna i journalhandlingar ska innehålla behövliga och tillräckligt omfattande uppgifter om ordnande, planering, genomförande och uppföljning för säkerställande av god vård för patienten eller kunden inom hälso- och sjukvården.|I strukturerna och anteckningarna i de elektroniska journalhandlingar som lagras i Kanta-tjänsterna ska strukturer och anteckningar i enlighet med de bindande dataspecifikationer och kodverk som har publicerats på den nationella kodservern för social- och hälsovården och som Institutet för hälsa och välfärd har godkänt användas.;;;;;66d50c5b-a250-4401-ba9c-fb772f6f27d8;ba51823a-05f7-4656-814a-a359071b7f91;11bab8bd-ca36-40ef-b1f2-fcce285a01e5|f9727df6-2de5-499c-8b2b-5b2a118317fc|ae757a93-6bc7-4dd9-adba-2642eeea27fb|1ed31eb3-c505-4400-8125-090428de63f2;f4a8544d-3a2e-468f-8ce8-1becbb304cfc|a5cfcf7b-ff37-439b-8bb4-d73942d0497a
6bf7dd11-ef2f-4f43-b708-2a3b60113a63;potilaskertomusmerkintä;anteckning i patientjournal;;;;;;;;;;;potilaskertomukseen sisältyvä potilasasiakirjamerkintä;anteckning i en journalhandling som ingår i patientjournalen;;;;;;;;66d50c5b-a250-4401-ba9c-fb772f6f27d8;d04e1f08-aaf7-4151-a346-94ee4ed2c2fc;;a5cfcf7b-ff37-439b-8bb4-d73942d0497a
7597fd23-4e45-4a33-89c8-4e877cc987f4;nykytilatiedot;uppgifter om nuvarande tillstånd;;nykytila;nuvarande tillstånd;;status;status;;;;;potilastiedot, jotka terveydenhuollon ammattihenkilö kirjaa tekemänsä tutkimuksen tai selvityksen perusteella terveydenhuollon asiakkaan tai potilaan senhetkisestä tilasta;patientuppgifter, som en yrkesutbildad person inom hälso- och sjukvården antecknar utifrån den undersökning eller utredning som han eller hon utför om tillståndet hos en patient eller kund inom hälso- och sjukvården vid den aktuella tidpunkten;;Nykytilatiedot sisältävät potilaasta tehtyjen havaintojen (ks. status) lisäksi potilaan itsensä tai hänen edustajansa kertomat tiedot potilaan terveydentilasta.;Uppgifter om nuvarande tillstånd inkluderar utöver de observationer som gjorts om patienten (se status) också uppgifter om patientens hälsotillstånd som patienten själv eller patientens företrädare har uppgett.;;Terveydenhuolto;Hälso- och sjukvård;;66d50c5b-a250-4401-ba9c-fb772f6f27d8;33554c74-3509-4c4c-957f-e7c29885a9b9;11bab8bd-ca36-40ef-b1f2-fcce285a01e5|ae757a93-6bc7-4dd9-adba-2642eeea27fb|f9727df6-2de5-499c-8b2b-5b2a118317fc|5d6434db-57b1-47a5-99a0-06c262fca3df;a5cfcf7b-ff37-439b-8bb4-d73942d0497a
c16ec293-631e-48f5-9cb4-50db3e9dba20;palveluprosessi;serviceprocess;;terveydenhuollon palveluprosessi;serviceprosess inom hälso- och sjukvården;;;;;;;;terveydenhuollon asiakkaan tai potilaan tiettyyn palvelutarpeeseen liittyvien palvelutapahtumien ja niihin sisältyvien toimintojen muodostama suunnitelmallinen sarja;systematisk serie som bildas av servicehändelser och aktiviteter som ingår i dem vid ett visst servicebehov hos patienten eller kunden inom hälso- och sjukvården;;Terveydenhuollon palveluprosessin aliprosesseja voivat olla hoitoprosessi, ohjausprosessi tai tutkimusprosessi.;I en serviceprocess inom hälso- och sjukvården kan vårdprocess, handledningsprocess eller undersökningsprocess vara underprocesser.;;Terveydenhuolto;Hälso- och sjukvård;;66d50c5b-a250-4401-ba9c-fb772f6f27d8;33554c74-3509-4c4c-957f-e7c29885a9b9;ae757a93-6bc7-4dd9-adba-2642eeea27fb|a3dabdcf-e8b0-4058-b277-33480c5a7e87|f9727df6-2de5-499c-8b2b-5b2a118317fc;
0ad7ac12-049f-4271-ac9b-d5f503ac2c8d;hoitoprosessi;vårdprocess;;> kliininen prosessi;> klinisk process;;;;;;;;terveydenhuollon asiakkaan tai potilaan tiettyyn terveysongelmaan tai terveysongelmien kokonaisuuteen kohdistuvien hoitotapahtumien muodostama  palveluprosessi;serviceprocess som bildas av vårdhändelser för ett visst eller vissa hälsoproblem hos en patient eller kund inom hälso- och sjukvården;;Hoitoprosessin eri vaiheita ovat tulotilanne, hoidon suunnittelu, hoidon toteutus ja hoidon arviointi.;Olika faser i vårdprocessen är ankomstsituation, planering av vården, genomförande av vården och bedömning av vården.;;;;;66d50c5b-a250-4401-ba9c-fb772f6f27d8;c16ec293-631e-48f5-9cb4-50db3e9dba20;ae757a93-6bc7-4dd9-adba-2642eeea27fb|5b12b9c4-532d-4ede-9525-0995069bf8a4|f9727df6-2de5-499c-8b2b-5b2a118317fc;
f129b5f1-848d-4445-b6f8-7615c6866c6c;palvelutapahtuma;servicehändelse;;terveydenhuollon palvelutapahtuma;servicehändelse inom hälso- och sjukvården;;;;;;;;terveydenhuollon palvelunantajan ja asiakkaan tai potilaan välinen yksittäisen palvelun järjestäminen tai toteuttaminen sekä siihen ajallisesti ja sisällöllisesti liittyvät tutkimukset, toimenpiteet, konsultaatiot ja yhteydenotot;ordnande eller genomförande av en enskild tjänst mellan en tjänstetillhandahållare inom hälso- och sjukvården och en kund eller patient samt de undersökningar, åtgärder, konsultationer och kontakter som tidsmässigt och innehållsmässigt är kopplade till tjänsten;;Terveydenhuollon tietojärjestelmissä tunnisteilla yksilöitäviä palvelutapahtumia ovat muun muassa hoitojaksot, käynnit ja etäasiointitapahtumat. Palvelutapahtumien perusteella tehdään asiakas- ja potilastietojen kirjauksia ja tallennetaan tietoja Kanta-palveluihin. Lisäksi palvelutapahtumien perusteella seurataan, arvioidaan, laskutetaan ja tilastoidaan terveydenhuollon palvelutoimintaa.;Servicehändelser som är specificerade med identifierare i hälso- och sjukvårdens informationssystem är bland annat vårdperioder, besök och händelser av ärendehantering på distans. Anteckningar av kund- och patientuppgifter och lagring av uppgifter i Kanta-tjänsterna görs utifrån servicehändelser. Man följer också upp, utvärderar, fakturerar och statistikför serviceverksamheten inom hälso- och sjukvården utifrån servicehändelser.;;Terveydenhuolto;Hälso- och sjukvård;;66d50c5b-a250-4401-ba9c-fb772f6f27d8;33554c74-3509-4c4c-957f-e7c29885a9b9;b15e17d5-d8f8-4f42-9a84-7207b9488c2e|ae757a93-6bc7-4dd9-adba-2642eeea27fb|f9727df6-2de5-499c-8b2b-5b2a118317fc|dcb72286-682b-476e-b375-b65f207482f8|a54c14ab-af92-418b-a15b-954c35819b1e|15f7a897-7009-4bf1-aa03-77187bc6090e;c16ec293-631e-48f5-9cb4-50db3e9dba20|ae30b7b9-172b-466b-8ca7-f0f9cdf82cc6
40e818f5-5e1b-4e13-8d06-9ee815781824;etäasiointi;ärendehantering på distans;;;< digital ärendehantering|< elektronisk ärendehantering|~ distanskontakt;;;;;;;;sosiaali- tai terveydenhuollon ammattihenkilön ja asiakkaan tai potilaan tai tarvittaessa tämän edustajan välinen vuorovaikutustilanne ilman lähikontaktia;situation med växelverkan utan närkontakt mellan en yrkesutbildad person inom social- eller hälsovården och en kund eller patient eller vid behov med hans eller hennes företrädare;;Etäasiointi perustuu aina etäyhteyksin tapahtuviin kontakteihin, jotka voivat olla reaaliaikaisia tai ei-reaaliaikaisia ja ovat yleensä lyhytkestoisia.|Etäasiointi ja etäpalvelu ovat eri käsitteitä mutta liittyvät kiinteästi toisiinsa. Käsitettä etäasiointi käytetään tilanteissa, joissa korostetaan palveluihin hakeutumisen ja asioinnin tapoja asiakkaan näkökulmasta (etäyhteyksin tapahtuvat asiointitavat). Silloin kun korostetaan palveluntuottajan näkökulmaa ja sitä, miten sosiaali- ja terveyspalveluja tarjotaan digitaalisten ratkaisujen avulla asiakkaille hyödynnettäviksi, käytetään käsitettä etäpalvelu.;Ärendehantering på distans baserar sig alltid på distanskontakter som sker i realtid eller icke-realtid och som vanligen är kortvariga.|Ärendehantering på distans och distanstjänst är olika begrepp men de har en nära koppling till varandra. Begreppet ärendehantering på distans används i situationer där man betonar hur man söker sig till tjänster och kontakttyper ur kundens synvinkel (kontaktsätt som sker via distansförbindelse). När tjänsteproducentens synvinkel betonas och hur social- och hälsovårdstjänster erbjuds med hjälp av digitala lösningar som kunden kan utnyttja används begreppet distanstjänst.;;Sosiaali- ja terveydenhuolto;Social- och hälsovård;;66d50c5b-a250-4401-ba9c-fb772f6f27d8;f129b5f1-848d-4445-b6f8-7615c6866c6c;11bab8bd-ca36-40ef-b1f2-fcce285a01e5|f9727df6-2de5-499c-8b2b-5b2a118317fc|ae757a93-6bc7-4dd9-adba-2642eeea27fb|13f86b87-a2c4-4023-9903-ce5f6b827ff8;
d5e77867-aaef-4ca1-9cd5-bbff5845e4f4;hoitojakso;vårdperiod;;;;;;;;;;;ajanjakso, jonka terveydenhuollon asiakas tai potilas on kirjattuna avo- tai osastohoidon saajaksi;tidsperiod, under vilken en patient eller kund inom hälso- och sjukvården är inskriven som mottagare av öppenvård eller avdelningsvård;;Hoitojaksot voivat olla joko avohoitojaksoja tai osastohoitojaksoja. Ne perustuvat aina reaaliaikaisiin lähikontakteihin, jotka voivat olla joko kertaluonteisia tai toistuvia. Hoitojaksot ovat pääsääntöisesti pitkäkestoisia siten, että ne sijoittuvat joko kahden vuorokauden ajalle ja kestävät tällöin vähintään 18 tuntia tai ovat usean vuorokauden mittaisia. Asiakas tai potilas on kirjattuna avo- tai osastohoidon saajaksi yhtäjaksoisesti koko tälle ajalle.|Terveydenhuollon tietojärjestelmissä hoitojaksot ovat eräänlaisia palvelutapahtumia, jotka voivat sisältää useita hoitotapahtumia.;Vårdperioder kan vara antingen perioder inom öppenvård eller avdelningsvård. De baserar sig alltid på närkontakter i realtid och kan vara antingen av engångskaraktär eller återkommande. Vårdperioderna är i regel långvariga på så sätt, att de omfattar antingen två dygn och varar då minst 18 timmar eller är flera dygn långa. Kunden eller patienten är inskriven som mottagare av öppen- eller avdelningsvård utan avbrott för hela denna tid.|I informationssystem inom hälso- och sjukvården är vårdperioder olika former av servicehändelser, som kan innehålla flera vårdhändelser.;;;;;66d50c5b-a250-4401-ba9c-fb772f6f27d8;f129b5f1-848d-4445-b6f8-7615c6866c6c;ae757a93-6bc7-4dd9-adba-2642eeea27fb|f9727df6-2de5-499c-8b2b-5b2a118317fc;
f42fb6e9-14a4-4964-a314-8a2206325ae3;avohoitojakso;öppenvårdsperiod;;;period inom öppenvården;;;;;;;;hoitojakso, jonka aikana terveydenhuollon asiakas tai potilas saa hoitoa sairaalan poliklinikalla, avohoidon yksikössä tai omassa kodissaan;vårdperiod, under vilken en patient eller kund inom hälso- och sjukvården får vård på sjukhusets poliklinik, en enhet inom öppenvården eller i sitt eget hem;;Avohoitojakson muodostaa esimerkiksi suunniteltu hoitojakso kotisairaalassa. Kotisairaalahoito korvaa sairaala- tai vuodeosastohoidon. Kotisairaalahoidossa vastuu potilaan hoidosta on lääkärillä. Avohoitojaksoja voivat olla myös hoitojaksot esimerkiksi päiväsairaalassa tai psykiatrian, päihdehuollon tai syöpätautien poliklinikoilla.;En öppenvårdsperiod omfattar till exempel en vårdperiod på hemsjukhus. Vård på hemsjukhus ersätter vård på sjukhus eller vårdavdelning. Vid vård på hemsjukhus ansvarar en läkare för patientens vård. Vårdperioder inom öppenvården kan också vara vårdperioder på till exempel dagsjukhus eller polikliniker inom psykiatri, missbrukarvård eller cancervård.;;;;;66d50c5b-a250-4401-ba9c-fb772f6f27d8;d5e77867-aaef-4ca1-9cd5-bbff5845e4f4;f9727df6-2de5-499c-8b2b-5b2a118317fc|ae757a93-6bc7-4dd9-adba-2642eeea27fb|1ed31eb3-c505-4400-8125-090428de63f2;
66889c94-baef-4414-9e21-840a87fd2465;osastohoitojakso;vårdperiod på en avdelning;;;;;;;;;;;hoitojakso, jonka aikana terveydenhuollon asiakas tai potilas saa hoitoa sairaalan vuodeosastolla tai muussa hoitolaitoksessa;vårdperiod, under vilken en patient eller kund inom hälso- och sjukvården får vård på sjukhusets vårdavdelning eller någon annan vårdinrättning;;;;;;;;66d50c5b-a250-4401-ba9c-fb772f6f27d8;d5e77867-aaef-4ca1-9cd5-bbff5845e4f4;f9727df6-2de5-499c-8b2b-5b2a118317fc|ae757a93-6bc7-4dd9-adba-2642eeea27fb|1ed31eb3-c505-4400-8125-090428de63f2;
62d35ab1-fd37-4185-95a6-b430f1ce248a;hoitotapahtuma;vårdhändelse;;;;;;;;;;;terveydenhuollon asiakkaan tai potilaan tiettyyn palvelutapahtumaan sisältyvä hoidon järjestämisen tai toteuttamisen yksittäinen tapahtuma;enskild händelse för ordnande eller genomförande av vård som ingår i en viss servicehändelse för en patient eller kund inom hälso- och sjukvården;;;;;;;;66d50c5b-a250-4401-ba9c-fb772f6f27d8;f129b5f1-848d-4445-b6f8-7615c6866c6c;1ed31eb3-c505-4400-8125-090428de63f2|ae757a93-6bc7-4dd9-adba-2642eeea27fb|f9727df6-2de5-499c-8b2b-5b2a118317fc;0ad7ac12-049f-4271-ac9b-d5f503ac2c8d|f129b5f1-848d-4445-b6f8-7615c6866c6c
9a54d8c4-31ce-4a16-9522-5aecdc99f9c4;käynti;besök;;avohoitokäynti;öppenvårdsbesök;;;;;;;;vuorovaikutustilanne, jossa terveydenhuollon asiakas tai potilas tulee terveysongelman tai muun terveyteen liittyvän syyn vuoksi terveydenhuollon ammattihenkilön tutkimukseen, ohjaukseen tai hoitoon tai jossa ammattihenkilö menee asiakkaan tai potilaan luo;situation med växelverkan, där en patient eller kund inom hälso- och sjukvården på grund av ett hälsoproblem eller någon annan hälsorelaterad orsak besöker en yrkesutbildad person inom hälso- och sjukvården för undersökning, handledning eller vård eller där en yrkesutbildad person besöker patienten eller kunden;;Käynnit perustuvat aina lyhytkestoisiin ja reaaliaikaisiin lähikontakteihin, jotka voivat olla joko kertaluonteisia tai toistuvia.|Terveydenhuollon tietojärjestelmissä käynnit ovat eräänlaisia palvelutapahtumia, jotka voivat sisältää useita hoitotapahtumia.;Besöken baserar sig alltid på närkontakter i realtid och kan vara antingen av engångskaraktär eller återkommande.|I informationssystem inom hälso- och sjukvården är besöken olika former av servicehändelser, som kan innehålla flera vårdhändelser.;;Terveydenhuolto;Hälso- och sjukvård;;66d50c5b-a250-4401-ba9c-fb772f6f27d8;f129b5f1-848d-4445-b6f8-7615c6866c6c;ae757a93-6bc7-4dd9-adba-2642eeea27fb|5b12b9c4-532d-4ede-9525-0995069bf8a4|11bab8bd-ca36-40ef-b1f2-fcce285a01e5|1ed31eb3-c505-4400-8125-090428de63f2|f9727df6-2de5-499c-8b2b-5b2a118317fc;
61dda0ef-1a99-4609-9eae-d945d5786288;palvelutapahtuman yhteenveto;sammanfattning av en servicehändelse;;;;;;;;;;;yhteenveto, jonka terveydenhuollon ammattihenkilö kirjaa asiakkaan tai potilaan tutkimisesta tai hoidosta potilaskertomukseen palvelutapahtuman aikana tai sen päättyessä;sammanfattning, som en yrkesutbildad person inom hälso- och sjukvården antecknar om undersökning och vård av kunden eller patienten i patientjournalen under servicehändelsen eller när den avslutas;;Väliarvio ja loppuarvio ovat palvelutapahtuman yhteenvetoja.;Mellanvärdering och slutvärdering är exempel på sammanfattning av en servicehändelse.;;Terveydenhuolto;Hälso- och sjukvård;;66d50c5b-a250-4401-ba9c-fb772f6f27d8;33554c74-3509-4c4c-957f-e7c29885a9b9;f129b5f1-848d-4445-b6f8-7615c6866c6c|1ed31eb3-c505-4400-8125-090428de63f2|ae757a93-6bc7-4dd9-adba-2642eeea27fb|11bab8bd-ca36-40ef-b1f2-fcce285a01e5|a5cfcf7b-ff37-439b-8bb4-d73942d0497a;
9fb79630-facb-488c-b5f8-d29e265d46f0;loppuarvio;slutvärdering;;loppuyhteenveto|loppulausunto|> epikriisi;slutbedömning|vårdsammandrag|> epikris;;;;;;;;palvelutapahtuman yhteenveto, johon hoitojakson tai muun pitkäaikaisen hoidon tai kuntoutuksen päättyessä kirjataan kuvaus potilaan hoidon kulusta, lopputuloksesta ja mahdollisista poikkeavuuksista, tiedot potilaan tilasta sekä jatkohoito-ohjeet;sammanfattning av en servicehändelse, där man när en vårdperiod eller annan långvarig vård eller rehabilitering avslutas antecknar en beskrivning av förloppet, slutresultatet och eventuella avvikelser i patientens vård, uppgifter om patientens tillstånd samt anvisningar om fortsatt vård;;Kaikki potilaan hoitoon osallistuvat terveydenhuollon ammattihenkilöt voivat laatia loppuarvion, mutta epikriisin laatii aina lääkäri.;Alla yrkesutbildade personer inom hälso- och sjukvården som deltar i patientens vård kan göra en slutvärdering, men epikrisen ska göras av en läkare.;;Terveydenhuolto;Hälso- och sjukvård;;66d50c5b-a250-4401-ba9c-fb772f6f27d8;61dda0ef-1a99-4609-9eae-d945d5786288;1ed31eb3-c505-4400-8125-090428de63f2|ae757a93-6bc7-4dd9-adba-2642eeea27fb|f129b5f1-848d-4445-b6f8-7615c6866c6c|d5e77867-aaef-4ca1-9cd5-bbff5845e4f4|830ecc70-dd9b-49d6-b051-72c76afdd10b;
27f39cf0-dc2a-42f3-98d1-53bf281e33de;väliarvio;mellanvärdering;;seurantayhteenveto;mellanbedömning|uppföljningssammanfattning|uppföljningssammandrag;;;;;;;;palvelutapahtuman yhteenveto, johon hoitojakson tai muun pitkäaikaisen hoidon tai kuntoutuksen jatkuessa kirjataan kuvaus potilaan voinnissa ja hoidossa tapahtuneesta oleellisesta kehityksestä tai muutoksesta tulotilanteeseen nähden ja tarvittaessa hoidon jatkosuunnitelma;sammanfattning av en servicehändelse, där man när långvarig vård eller rehabilitering fortsätter antecknar en beskrivning av väsentlig utveckling som har skett i patientens tillstånd eller vård eller förändringar jämfört med ankomstsituationen och vid behov en plan för fortsatt vård;;Väliarvio kirjataan potilaan hoitovastuun siirtyessä tilapäisesti osastolta tai erikoisalalta toiselle saman organisaation sisällä. Lisäksi väliarvio tulee pitkäaikaishoidossa tehdä aina, kun potilaan tilanne oleellisesti muuttuu. Potilasasiakirja-asetuksen (94/2022) mukaan lääkärin tulee tehdä sairaalahoidossa olevan pitkäaikaispotilaan potilasasiakirjoihin vähintään kolmen kuukauden välein hoitojakson alkamisesta seurantayhteenveto riippumatta siitä, onko potilaan tilassa tapahtunut olennaisia muutoksia.;Mellanvärderingen antecknas bland annat när vårdansvaret för en patient tillfälligt överförs från en avdelning eller en specialitet till en annan inom samma organisation. Dessutom ska en mellanvärdering alltid göras vid långtidsvård när det sker väsentliga förändringar i patientens situation. Enligt förordningen om journalhandlingar (94/2022) ska läkaren för en långtidssjuk patient i sjukhusvård med minst tre månaders mellanrum från det att vårdperioden inletts göra ett uppföljningssammandrag oberoende av om väsentliga förändringar har inträffat i patientens tillstånd.;;Terveydenhuolto;Hälso- och sjukvård;;66d50c5b-a250-4401-ba9c-fb772f6f27d8;61dda0ef-1a99-4609-9eae-d945d5786288;ad1f7a55-2d29-4bb4-8b41-b757cbaa98ae|1ed31eb3-c505-4400-8125-090428de63f2|ae757a93-6bc7-4dd9-adba-2642eeea27fb|f129b5f1-848d-4445-b6f8-7615c6866c6c|d5e77867-aaef-4ca1-9cd5-bbff5845e4f4|830ecc70-dd9b-49d6-b051-72c76afdd10b;
7b2877a1-607f-4a2a-8d99-d89786bf25d1;palvelutarjonta;serviceutbud;;;;;palvelutarjooma|palvelutarjoama;;;palveluvalikoima;tjänsteutbud;;sosiaali- tai terveydenhuollon palvelunantajan tarjoamien sosiaali- tai terveyspalvelujen valikoima;utbud av social- och hälsovårdsservice som en tjänstetillhandahållare inom hälso- och sjukvården erbjuder;;Määritelmään sisältyvä käsite palvelunantaja on yläkäsite, joka kattaa palvelunjärjestäjät ja palveluntuottajat. Kullakin näistä on oman toimintansa mukaisesti määräytyvä ja rajautuva palvelutarjonta.|Palvelunjärjestäjien palvelutarjonnat ovat yleensä laajempia kuin palveluntuottajien, koska palvelunjärjestäjän vastuulla on kaikkien julkisesti rahoitettujen sosiaali- ja terveyspalvelujen järjestäminen toimialueensa asukkaille. Palveluntuottajan palvelutarjontaan kuuluvat ne palvelut, jotka tuottajan on lakisääteisesti tai sopimusten mukaan tuotettava asiakkailleen tai jotka tuottaja on itse valinnut tarjottavaksi asiakkailleen.|Tässä määritellystä palvelutarjonta-käsitteestä tulee erottaa käsite terveydenhuollon palveluvalikoima, joka tarkoittaa julkisin varoin rahoitettujen terveydenhuollon palvelujen kokonaisuutta.;Begreppet tjänstetillhandahållare som ingår i definitionen är ett överordnat begrepp som omfattar tjänsteanordnare och tjänsteproducenter. Var och en av dessa har ett eget serviceutbud som fastställs och avgränsas enligt deras verksamhet.|Tjänsteanordnarna har vanligen ett bredare serviceutbud än tjänsteproducenterna, eftersom tjänsteanordnaren ansvarar för ordnandet av all offentligt finansierad social- och hälsovårdsservice för invånarna på det egna verksamhetsområdet. Till tjänsteproducentens serviceutbud hör de tjänster, som producenten enligt lag eller avtal ska producera till sina kunder och som producenten själv har valt att erbjuda sina kunder.|I denna definition ska begreppet serviceutbud särskiljas från begreppet tjänsteutbudet inom hälso- och sjukvården, som betyder helhet av tjänster inom hälso- och sjukvården som finansieras med offentliga medel.;;Sosiaali- ja terveydenhuolto;Social- och hälsovård;;66d50c5b-a250-4401-ba9c-fb772f6f27d8;33554c74-3509-4c4c-957f-e7c29885a9b9;3adfd50a-9433-4c0b-8851-e5b8270c0268;
a3dabdcf-e8b0-4058-b277-33480c5a7e87;palvelutarve;servicebehov;;palveluntarve;behov av service|behov av tjänster;;;;;;;;asiakkaan todettu tarve saada sellaisia palveluja, jotka asiantuntijan tai ammattihenkilön arvion mukaan tukevat asiakasta;kundens konstaterade behov av sådana tjänster som enligt en sakkunnigs eller en yrkesutbildad persons bedömning stöder kunden;;Sosiaali- ja terveydenhuollossa palvelutarve kohdistuu sosiaalipalveluihin, terveyspalveluihin tai sosiaali- ja terveydenhuollon yhteisiin palveluihin.|Terveydenhuollossa osa palvelutarpeista on terveysongelmista johtuvia hoidon tarpeita.;Inom social- och hälsovården är servicebehovet inriktat på socialservice, hälso- och sjukvårdstjänster eller socialvårdens och hälso- och sjukvårdens gemensamma service.|Inom hälso- och sjukvården är en del av servicebehoven vårdbehov som beror på hälsoproblem.;;;;;66d50c5b-a250-4401-ba9c-fb772f6f27d8;33554c74-3509-4c4c-957f-e7c29885a9b9;3adfd50a-9433-4c0b-8851-e5b8270c0268;
60809772-5603-4471-825c-26ed3669df0d;hoidon tarve;vårdbehov;;hoidontarve;behov av vård;;;;;;;;terveydenhuollon asiakkaan tai potilaan palvelutarve, jonka syynä ovat asiakkaalla tai potilaalla todetut tai hänen kokemansa  terveysongelmat, joita pyritään ennaltaehkäisemään, ratkaisemaan tai lievittämään hoidon ja ohjauksen avulla;servicebehov hos en patient eller kund inom hälso- och sjukvården, vilket har orsakats av konstaterade eller upplevda hälsoproblem hos kunden eller patienten och som man försöker förebygga, lösa eller lindra med hjälp av vård eller handledning;;;;;;;;66d50c5b-a250-4401-ba9c-fb772f6f27d8;a3dabdcf-e8b0-4058-b277-33480c5a7e87;ae757a93-6bc7-4dd9-adba-2642eeea27fb|5b12b9c4-532d-4ede-9525-0995069bf8a4|1ed31eb3-c505-4400-8125-090428de63f2|f9727df6-2de5-499c-8b2b-5b2a118317fc;
3c8cf675-ecc8-4af7-829b-8adfdecfab51;potilastietojärjestelmä;patientdatasystem;;;patientinformationssystem;;;;;;;;tietojärjestelmä, joka on tarkoitettu potilastietojen tallentamiseen ja käsittelyyn;datasystem som är avsett för lagring och behandling av patientuppgifter;;;;;;;;66d50c5b-a250-4401-ba9c-fb772f6f27d8;33554c74-3509-4c4c-957f-e7c29885a9b9;fb2eced2-b34b-432c-b173-3be5f1313e54;
65a192d1-2cb3-4f66-b465-f5d275aa6308;potilastietorekisteri;patientdataregister;;potilasrekisteri;register över patientuppgifter|patientregister;;;;;;;;potilastietoa sisältävä henkilörekisteri;personregister som innehåller patientuppgifter;;Potilastietorekisteriin sisältyvät potilastiedot ovat kyseisistä tiedoista vastaavan palvelunantajan (rekisterinpitäjän) käytettävissä tietoteknisesti varmistetun asiakas- tai hoitosuhteen tai muun asiakkaan tai potilaan terveyspalvelun järjestämiseen ja toteuttamiseen liittyvän tehtävän perusteella. Potilastietojen luovutus potilastietorekisteristä muille palvelunantajille tai toimijoille edellyttää aina joko lainsäädännössä säädettyä perustetta tai terveydenhuollon asiakkaan tai potilaan antamaa luovutuslupaa tai suostumusta.;Patientuppgifter som ingår i patientdataregister kan användas av den tjänstetillhandahållare som ansvarar för ifrågavarande uppgifter (den personuppgiftsansvarige) utifrån en kund- eller vårdrelation eller någon annan uppgift för ordnande och genomförande av kundens eller patientens hälso- och sjukvårdstjänster, vilket har säkerställts datatekniskt. För utlämning av patientuppgifter från ett patientdataregister till andra tjänstetillhandahållare eller aktörer krävs alltid antingen en lagstadgad grund eller ett tillstånd för utlämnande eller samtycke som har getts av kunden eller patienten.;;;;;66d50c5b-a250-4401-ba9c-fb772f6f27d8;33554c74-3509-4c4c-957f-e7c29885a9b9;;
e5c1bb0d-ff67-4f1b-8a85-68c414e0a2e2;riskitiedot;riskuppgifter;;;riskinformation;;;;;;;;potilastiedot, joiden huomiotta jättäminen voi aiheuttaa erityisen riskin terveydenhuollon asiakkaan tai potilaan tai terveydenhuollon henkilökunnan terveydelle;patientuppgifter som om de inte beaktas kan utgöra en särskild hälsorisk hos patienten eller kunden inom hälso- och sjukvården eller hälso- och sjukvårdspersonalen;;Riskitiedot ilmaisevat potilasta hoitavalle ammattihenkilölle, että hoitoa täytyy mahdollisesti toteuttaa tavanomaisesta poikkeavalla tavalla.|Riskitietoja ovat esimerkiksi tiedot potilaan lääkeallergioista, harvinaissairauksista, itsetuhoisuudesta tai väkivaltaisuudesta. Riskitiedot voivat olla kriittisiä tai hoidossa huomioitavia. Kriittisten riskitietojen huomiotta jättäminen voi aiheuttaa välittömän hengenvaaran.;Riskuppgifter meddelar till en yrkesutbildad person som vårdar patienten, att vården eventuellt måste genomföras på ett sätt som avviker från det normala.|Riskuppgifter är till exempel uppgifter om patientens läkemedelsallergier, sällsynta sjukdomar, självdestruktivitet eller våldsamhet. Riskuppgifter kan vara kritiska eller sådana som ska beaktas i vården. Riskuppgifter som lämnas obeaktade kan orsaka omedelbar livsfara.;;Terveydenhuolto;Hälso- och sjukvård;;66d50c5b-a250-4401-ba9c-fb772f6f27d8;33554c74-3509-4c4c-957f-e7c29885a9b9;ae757a93-6bc7-4dd9-adba-2642eeea27fb|f9727df6-2de5-499c-8b2b-5b2a118317fc|fb2eced2-b34b-432c-b173-3be5f1313e54;a5cfcf7b-ff37-439b-8bb4-d73942d0497a
10b6f2a3-46ee-4bef-91f3-318bf0b99b1f;rokotustiedot;vaccinationsuppgifter;;;;;;;;;;;potilastiedot, jotka terveydenhuollon ammattihenkilö kirjaa terveydenhuollon asiakkaalle tai potilaalle annetusta rokotteesta ja siitä, mitä vastaan rokote on annettu sekä rokotteen antamiseen liittyvät tiedot;patientuppgifter, som en yrkesutbildad person inom hälso- och sjukvården antecknar om ett vaccin som har getts till patienten eller kunden inom hälso- och sjukvården och om vad vaccinet har getts emot samt uppgifter förknippade med administreringen av vaccinet;;;;;;;;66d50c5b-a250-4401-ba9c-fb772f6f27d8;33554c74-3509-4c4c-957f-e7c29885a9b9;fb2eced2-b34b-432c-b173-3be5f1313e54|11bab8bd-ca36-40ef-b1f2-fcce285a01e5|f9727df6-2de5-499c-8b2b-5b2a118317fc|ae757a93-6bc7-4dd9-adba-2642eeea27fb;a5cfcf7b-ff37-439b-8bb4-d73942d0497a
606b01c6-89ef-4011-88cd-4a8499a3b12e;sosiaali- ja terveydenhuolto;social- och hälsovård;;;;;;;;;;;sosiaalihuollon ja terveydenhuollon muodostama kokonaisuus;helhet som utgörs av socialvården och hälso- och sjukvården;;Sosiaali- ja terveydenhuolto on sosiaaliturvan osa.|Sosiaali- ja terveydenhuollossa toimii sosiaali- ja terveyspalvelujen järjestäjiä ja tuottajia. Sosiaali- ja terveydenhuollon toimijat voivat olla joko julkisia tai yksityisiä.|Sosiaalihuollosta ja terveydenhuollosta säädetään suurelta osin erillisillä säädöksillä. Käytettäessä termiä sosiaali- ja terveydenhuolto viitataan sosiaalihuoltoon, terveydenhuoltoon sekä sosiaali- ja terveydenhuollon yhteisiin palveluihin.;Social- och hälsovården är en del av den sociala tryggheten.|Inom social- och hälsovården finns det de som ordnar social- och hälsovårdstjänster och producenter av social- och hälsovårdstjänster. Aktörerna inom social- och hälsovården kan vara antingen offentliga eller privata.|Bestämmelser om socialvård och hälso- och sjukvård utfärdas till stor del genom särskilda författningar. När termen social- och hälsovård används hänvisar man till socialvården och hälso- och sjukvården samt till socialvårdens och hälso- och sjukvårdens gemensamma service som omfattas av dem.;;;;;66d50c5b-a250-4401-ba9c-fb772f6f27d8;33554c74-3509-4c4c-957f-e7c29885a9b9;;
5d6434db-57b1-47a5-99a0-06c262fca3df;status;status;;kliininen status;kliniskt status;;nykytila;nuvarande tillstånd;;;;;terveydenhuollon asiakkaan tai potilaan tila siten kuin terveydenhuollon ammattihenkilö on sen arvioinut tekemiensä kliinisten löydösten tai havaintojen perusteella;tillståndet hos en patient eller kund inom hälso- och sjukvården enligt bedömningen av en yrkesutbildad person inom hälso- och sjukvården utifrån de kliniska fynd eller observationer som han eller hon har gjort;;Status on potilaskertomuksessa osa nykytilatietoja.;I patientjournalen är status en del av uppgifterna om nuvarande tillstånd.;;Terveydenhuolto|Hälso- och sjukvård;;;66d50c5b-a250-4401-ba9c-fb772f6f27d8;33554c74-3509-4c4c-957f-e7c29885a9b9;11bab8bd-ca36-40ef-b1f2-fcce285a01e5|f9727df6-2de5-499c-8b2b-5b2a118317fc|ae757a93-6bc7-4dd9-adba-2642eeea27fb|7597fd23-4e45-4a33-89c8-4e877cc987f4;
11bab8bd-ca36-40ef-b1f2-fcce285a01e5;terveydenhuollon ammattihenkilö;yrkesutbildad person inom hälso- och sjukvården;;;;;;;;;;;ammattihenkilö, jolle Sosiaali- ja terveysalan lupa- ja valvontavirasto on myöntänyt oikeuden, luvan tai nimikesuojan harjoittaa ammattiaan terveydenhuollossa, tai lääketieteen tai hammaslääketieteen opiskelija, joka tilapäisesti toimii laillistetun ammattihenkilön tehtävässä tällaisen henkilön johdon ja valvonnan alaisena, tai ammattihenkilö, joka on saanut oikeuden, luvan tai nimikesuojan toisessa EU- tai ETA-maassa ja tarjoaa väliaikaisesti ja satunnaisesti terveyden- ja sairaanhoidon palveluja Suomessa;yrkesutbildad person, till vilken Tillstånds- och tillsynsverket för social- och hälsovården har beviljat rätt, tillstånd eller skyddad yrkesbeteckning för att utöva sitt yrke inom hälso- och sjukvården, eller en studerande inom medicin eller odontologi som tillfälligt sköter en legitimerad yrkesutbildad persons uppgifter under ledning och tillsyn av en sådan, eller en yrkesutbildad person, som har fått rätt, tillstånd eller skyddad yrkesbeteckning i ett annat EU- eller EES-land och som tillfälligt eller sporadiskt erbjuder tjänster inom hälso- och sjukvården i Finland;;Terveydenhuollon ammattihenkilöistä on säädetty laissa terveydenhuollon ammattihenkilöistä (559/1994).|Terveydenhuollon ammattihenkilöitä ovat kaikki laillistetut, luvan saaneet ja nimikesuojatut ammattihenkilöt.;Bestämmelser om yrkesutbildade personer inom hälso- och sjukvården finns i lagen om yrkesutbildade personer inom hälso- och sjukvården (559/1994).|Yrkesutbildade personer inom hälso- och sjukvården är alla legitimerade yrkesutbildade personer, yrkesutbildade personer som beviljats tillstånd och yrkesutbildade personer med skyddad yrkesbeteckning.;;;;;66d50c5b-a250-4401-ba9c-fb772f6f27d8;33554c74-3509-4c4c-957f-e7c29885a9b9;38a028a1-2049-44e6-a4ac-e67a0944857b;
52723141-5ee8-47ed-b9a6-ee98d147b775;terveydenhuollon itsenäinen ammatinharjoittaja;självständig yrkesutövare inom hälso- och sjukvården;;;;;;;;;;;terveydenhuollon ammattihenkilö, joka ei ole virka-, työ- eikä muussakaan palvelussuhteessa vaan tuottaa palvelut itsenäisesti suoraan terveydenhuollon asiakkaalle tai potilaalle;yrkesutbildad person inom hälso- och sjukvården som inte är i ett tjänste-, arbets- eller annat anställningsförhållande, utan producerar tjänster självständigt direkt till en patient eller kund inom hälso- och sjukvården;;Terveydenhuollon itsenäisistä ammatinharjoittajista säädetään muun muassa laissa yksityisestä terveydenhuollosta (152/1990 2 §).;Bestämmelser om självständiga yrkesutövare inom hälso- och sjukvården finns bland annat i lagen om privat hälso- och sjukvård (152/1990 2 §).;;;;;66d50c5b-a250-4401-ba9c-fb772f6f27d8;11bab8bd-ca36-40ef-b1f2-fcce285a01e5;f9727df6-2de5-499c-8b2b-5b2a118317fc|ae757a93-6bc7-4dd9-adba-2642eeea27fb;
39d51d28-6377-463d-9f0f-c2e07d654d09;terveydenhuollon ammattioikeus;yrkesrättighet inom hälso- och sjukvården;;< ammattioikeus;< yrkesrättighet;;;;;;;;lainmukaisen ammatinharjoittamisoikeuden, ammatinharjoittamisluvan tai ammattinimikkeen käyttöoikeuden perusteella saatu oikeus harjoittaa terveydenhuollon ammattia;rätt att utöva ett yrke inom hälso- och sjukvården som har erhållits enligt lagstadgad rätt att utöva yrke, tillstånd att utöva yrke eller rätt att använda yrkesbeteckning;;Terveydenhuollon ammattioikeuksista säädetään laissa terveydenhuollon ammattihenkilöistä (559/1994).;Bestämmelser om yrkesrättigheter inom hälso- och sjukvården finns i lagen om yrkesutbildade personer inom hälso- och sjukvården (559/1994).;;;;;66d50c5b-a250-4401-ba9c-fb772f6f27d8;33554c74-3509-4c4c-957f-e7c29885a9b9;38a028a1-2049-44e6-a4ac-e67a0944857b;
f9727df6-2de5-499c-8b2b-5b2a118317fc;terveydenhuollon asiakas;kund inom hälso- och sjukvården;;;hälso- och sjukvårdskund;;;;;;;;henkilö, joka hakee tai saa terveyspalveluja tai jonka asiaa muuten käsitellään terveydenhuollossa;person som ansöker om eller får hälso- och sjukvårdstjänster eller vars ärende annars behandlas inom hälso- och sjukvården;;Kaikki terveydenhuollon asiakkaat eivät ole potilaita, vaan he voivat olla myös henkilöitä, jotka käyttävät erilaisia ennaltaehkäiseviä terveyspalveluja tai saavat terveysneuvontaa (esim. neuvolassa,  koulu- ja opiskeluterveydenhuollossa, seulontatutkimuksissa).;Alla kunder inom hälso- och sjukvården är inte patienter, utan de kan också vara personer som använder olika förebyggande hälso- och sjukvårdstjänster eller får hälsorådgivning (t.ex. på rådgivningen, inom skol- och studerandehälsovården, vid screeningundersökningar).;;;;;66d50c5b-a250-4401-ba9c-fb772f6f27d8;33554c74-3509-4c4c-957f-e7c29885a9b9;;
ae757a93-6bc7-4dd9-adba-2642eeea27fb;potilas;patient;;;;;;;;;;;terveydenhuollon asiakas, joka hakee tai saa terveyspalveluja terveysongelmiensa vuoksi;kund inom hälso- och sjukvården som ansöker om eller får hälso- och sjukvårdstjänster på grund av sina hälsoproblem;;Potilas on aina myös terveydenhuollon asiakas.;En patient är också alltid kund inom hälso- och sjukvården.;;;;;66d50c5b-a250-4401-ba9c-fb772f6f27d8;f9727df6-2de5-499c-8b2b-5b2a118317fc;5b12b9c4-532d-4ede-9525-0995069bf8a4;
f5e70c46-573a-4c49-b021-8c2c2700d6ac;terveydenhuollon palveluvalikoima;tjänsteutbudet inom hälso- och sjukvården;;;;;;;;;;;julkisin varoin rahoitettujen terveydenhuollon palvelujen kokonaisuus;helhet av tjänster inom hälso- och sjukvården som finansieras med offentliga medel;;Julkisin varoin rahoitettuja terveydenhuollon palveluja ovat julkisen terveydenhuollon palvelut ja ne yksityisen terveydenhuollon palvelut, joista saa sairaanhoitokorvauksia. Terveydenhuoltolain (1326/2010) mukaan terveydenhuollon palveluvalikoimaan kuuluvat lääketieteellisesti ja hammaslääketieteellisesti perusteltu sairauksien ennaltaehkäisy, sairauden toteamiseksi tehtävät tutkimukset sekä taudinmääritys, hoito ja kuntoutus.;Tjänster som finansieras med offentliga medel är tjänster inom den offentliga hälso- och sjukvården och de tjänster inom den privata hälso- och sjukvården för vilka sjukvårdsersättning betalas. Enligt hälso- och sjukvårdslagen (1326/2010) omfattar tjänsteutbudet inom hälso- och sjukvården medicinskt och odontologiskt motiverad prevention av sjukdomar, undersökningar för att upptäcka sjukdom samt diagnos, vård, behandling och rehabilitering.;;;;;66d50c5b-a250-4401-ba9c-fb772f6f27d8;33554c74-3509-4c4c-957f-e7c29885a9b9;38a028a1-2049-44e6-a4ac-e67a0944857b;
38a028a1-2049-44e6-a4ac-e67a0944857b;terveydenhuolto;hälso- och sjukvård;;;;;;> hälsovård;;;;;organisoitu toiminta, jonka tarkoituksena on tarjota yhteiskunnan jäsenille riittävät terveyspalvelut sekä edistää heidän terveyttään ja hyvinvointiaan;organiserad verksamhet vars syfte är att erbjuda samhällsmedlemmarna tillräckliga hälso- och sjukvårdstjänster samt att främja deras hälsa och välbefinnande;;Terveydenhuoltoon kuuluu sekä julkisten että yksityisten terveyspalvelujen tuottaminen.|Terveydenhuoltoon kuuluu perusterveydenhuolto ja erikoissairaanhoito sekä työterveyshuolto. Julkisesti rahoitetut terveyspalvelut voidaan jakaa perustason ja erityistason terveyspalveluihin.|Ruotsin termin määriteosassa mainitaan erikseen sekä hälsovård että sjukvård, koska ne yhdessä vastaavat suomen terveydenhuollon käsitettä. Hälsovård puolestaan vastaa suomen käsitettä terveydenhoito, jolla tarkoitetaan hyvän terveydentilan edistämistä ja sairauksien ehkäisemistä.;Hälso- och sjukvården omfattar produktion av både offentliga och privata hälso- och sjukvårdstjänster.|Hälso- och sjukvården omfattar primärvård och specialiserad sjukvård. Offentligt finansierade hälso- och sjukvårdstjänster kan delas in i hälso- och sjukvårdstjänster på basnivå och hälso- och sjukvårdstjänster på specialiserad nivå.|I den svenska termen nämns både hälsovård och sjukvård, eftersom de tillsammans motsvarar begreppet terveydenhuolto. Termen hälsovård motsvarar begreppet terveydenhoito och omfattar främjande av ett gott hälsotillstånd och förebyggande av sjukdomar.;;;;;66d50c5b-a250-4401-ba9c-fb772f6f27d8;33554c74-3509-4c4c-957f-e7c29885a9b9;3adfd50a-9433-4c0b-8851-e5b8270c0268;606b01c6-89ef-4011-88cd-4a8499a3b12e
5b12b9c4-532d-4ede-9525-0995069bf8a4;terveysongelma;hälsoproblem;;;;;;;;;;;henkilön itsessään kokema tai terveydenhuollon ammattihenkilön hänessä toteama sairaus, oire tai muu poikkeama terveydentilassa;sjukdom, symtom eller annan avvikelse i hälsotillståndet som personen upplever själv eller som en yrkesutbildad person inom hälso- och sjukvården har konstaterat hos personen;;;;;;;;66d50c5b-a250-4401-ba9c-fb772f6f27d8;33554c74-3509-4c4c-957f-e7c29885a9b9;11bab8bd-ca36-40ef-b1f2-fcce285a01e5;
3adfd50a-9433-4c0b-8851-e5b8270c0268;terveyspalvelu;hälso- och sjukvårdstjänst;;terveydenhuollon palvelu;hälso- och sjukvårdsservice;;terveydenhuoltopalvelu;> hälsovårdstjänst|> hälsovårdsservice|< hälsotjänst;;;;;terveydenhuollon ammattihenkilön tarjoama tai antama palvelu, jonka tarkoituksena on määrittää henkilön terveydentila ja palauttaa hänen terveytensä tai ylläpitää sitä;tjänst som erbjuds eller tillhandahålls av en yrkesutbildad person inom hälso- och sjukvården och vars syfte är att fastställa en persons hälsotillstånd och återställa eller upprätthålla det;;Terveyspalvelut kattavat myös ennaltaehkäisevät palvelut sekä toimintakykyä parantavat ja ylläpitävät toimet.|Julkisesti rahoitetut terveyspalvelut voidaan jakaa perustason ja erityistason terveyspalveluihin. Terveyspalvelut voivat kuulua perusterveydenhuoltoon tai erikoissairaanhoitoon. Terveyspalveluja voidaan antaa sekä julkisen että yksityisen toimijan tarjoamina palveluina. Julkinen toimija voi antaa terveyspalveluja myös hankkimalla niitä yksityisiltä toimijoilta.|Terveydenhuoltolain (1326/2010) mukaan julkisin varoin rahoitettuun terveydenhuollon palveluvalikoimaan kuuluvat lääketieteellisesti ja hammaslääketieteellisesti perusteltu sairauksien ennaltaehkäisy, sairauden toteamiseksi tehtävät tutkimukset sekä taudinmääritys, hoito ja kuntoutus.|Kun suomen käsitteeseen terveyspalvelu viitataan ruotsinkielisellä termillä, termin määriteosana suositellaan käytettäväksi hälso- och sjukvårds-. Yhdistelmä tarvitaan, koska hälsovård ja sjukvård yhdessä vastaavat suomen terveydenhuollon käsitettä. Hälsovård puolestaan vastaa suomen käsitettä terveydenhoito, jolla tarkoitetaan hyvän terveydentilan edistämistä ja sairauksien ehkäisemistä.;Hälso- och sjukvårdstjänsterna omfattar också förebyggande tjänster samt åtgärder som förbättrar och upprätthåller funktionsförmågan.|Offentligt finansierade hälso- och sjukvårdstjänster kan delas in i hälso- och sjukvårdstjänster på basnivå och hälso- och sjukvårdstjänster på specialiserad nivå. Hälso- och sjukvårdstjänster kan höra till primärvården eller den specialiserade sjukvården. Hälso- och sjukvårdstjänster kan tillhandahållas i form av tjänster som erbjuds av både offentliga och privata aktörer. En offentlig aktör kan tillhandahålla hälso- och sjukvårdstjänster också genom att skaffa dem av privata aktörer.|Enligt hälso- och sjukvårdslagen (1326/2010) omfattar tjänsteutbudet inom hälso- och sjukvård som finansieras med offentliga medel medicinskt och odontologiskt motiverad prevention av sjukdomar, undersökningar för att upptäcka sjukdom samt diagnos, vård, behandling och rehabilitering.|Förleden hälso- och sjukvårds- används på svenska både när man talar om terveyspalvelu och när man talar om terveydenhuollon palvelu på finska. På svenska nämns både hälsovård och sjukvård, eftersom de tillsammans motsvarar begreppet terveydenhuolto. Termen hälsovård motsvarar begreppet terveydenhoito och omfattar främjande av ett gott hälsotillstånd och förebyggande av sjukdomar.;;;;;66d50c5b-a250-4401-ba9c-fb772f6f27d8;33554c74-3509-4c4c-957f-e7c29885a9b9;11bab8bd-ca36-40ef-b1f2-fcce285a01e5;
b58fc638-2cf8-4e3e-95a1-76271887720a;terveystarkastus;hälsoundersökning;;;hälsokontroll;;;;;;;;tarkastus, joka tehdään henkilölle riippumatta mahdollisista sairaudenoireista lähinnä yleisen terveydentilan tai kehitysvaiheen tarkistamiseksi tai tiettyjen sairauksien pois sulkemiseksi tai jossa pyritään varmistamaan, että henkilön terveydentila tai toimintakyky on riittävä johonkin tehtävään;undersökning som görs på en person oberoende av eventuella sjukdomssymtom, närmast för att kontrollera det allmänna hälsotillståndet eller utvecklingsfasen eller för att utesluta vissa sjukdomar, eller med vilken man vill säkerställa att personens hälsotillstånd och funktionsförmåga är tillräckliga för en viss uppgift;;Terveystarkastuksia voivat olla esimerkiksi ikäryhmien tai vuosiluokkien mukaiset terveystarkastukset, sairauden poissulkemiseksi suoritettavat työntekijän terveystarkastukset tai tiettyyn tehtävään liittyvät kutsuntatarkastukset, ajokorttitarkastukset tai työhönottotarkastukset.;Hälsoundersökningar kan vara till exempel hälsoundersökningar enligt åldersgrupp eller årskurs, hälsoundersökningar av arbetstagare för att utesluta en sjukdom eller uppbådsundersökningar förknippade med vissa uppgifter, undersökningar för körkort eller för anställning.;;;;;66d50c5b-a250-4401-ba9c-fb772f6f27d8;33554c74-3509-4c4c-957f-e7c29885a9b9;;
01210070-0793-4b27-aebb-b86fdff89850;Tiedonhallintapalvelun kooste;sammanställning i Informationshanteringstjänsten;;< kooste;Informationshanteringstjänstens sammanställning|< sammanställning;;;;;;;;tietokokonaisuus, jonka Tiedonhallintapalvelu muodostaa automaattisesti Potilastietovarantoon ja Reseptikeskukseen tallennetuista terveydenhuollon asiakkaan tai potilaan hoidon kannalta keskeisistä terveystiedoista ja joka näytetään potilastietojärjestelmässä;uppgiftshelhet som Informationshanteringstjänsten bildar automatiskt utifrån hälso- och sjukvårdsuppgifter som är centrala i vården av patienten eller kunden inom hälso- och sjukvården och som har lagrats i Patientdatalagret och Receptcentret för att visas i patientdatasystemet;;Yksi kooste sisältää yhden tietokokonaisuuden kuten diagnoosien, toimenpiteiden, riskitietojen, kuvantamistutkimusten, laboratoriotutkimusten, fysiologisten mittausten, rokotusten tai lääkityksen tietoja.|Koosteita ei sellaisenaan tallenneta Potilastietovarantoon, vaan koostenäkymien tiedot kootaan potilasasiakirjoille tallennetuista rakenteisista tiedoista.|Myös paikallisissa potilastietojärjestelmissä voidaan muodostaa asiakkaan tai potilaan keskeisten terveystietojen merkinnöistä omia koosteita.;En sammanställning innehåller en informationshelhet såsom uppgifter om diagnoser, åtgärder, riskuppgifter, avbildningsundersökningar, laboratorieundersökningar, fysiologiska mätningar, vaccinationer eller medicinering.|Sammanställningar lagras inte som sådana i Patientdatalagret, utan uppgifterna i sammanställningsvyerna sammanställs av strukturerad data som har lagrats i patienthandlingarna.|Även i lokala patientdatasystem är det möjligt att skapa separata sammanställningar med centrala hälso- och sjukvårdsuppgifter om patienten eller kunden.;;Kanta-palvelut;Kanta-tjänster;;66d50c5b-a250-4401-ba9c-fb772f6f27d8;33554c74-3509-4c4c-957f-e7c29885a9b9;3c8cf675-ecc8-4af7-829b-8adfdecfab51|ae757a93-6bc7-4dd9-adba-2642eeea27fb|1ed31eb3-c505-4400-8125-090428de63f2|f9727df6-2de5-499c-8b2b-5b2a118317fc;
4f4e25fb-2125-4e6b-b94e-759a4b792b66;Tiedonhallintapalvelun potilastietojen yhteenveto;patientöversikt i Informationshanteringstjänsten;;< potilastietojen yhteenveto;Informationshanteringstjänstens patientöversikt|< sammanfattning av patientuppgifter|< sammandrag av patientuppgifter;;;;;;;;Tiedonhallintapalvelun koosteista ja terveys- ja hoitosuunnitelmasta koottu tietokokonaisuus, jonka pohjalta potilastietojärjestelmä voi muodostaa yhteenvetoja terveydenhuollon asiakkaan tai potilaan hoidon toteuttamista varten;informationshelhet som har sammanställts från Informationshanteringstjänstens sammanställningar och hälso- och vårdplanen, utifrån vilken patientdatasystemet kan bilda sammanfattningar för genomförande av vården för patienten eller kunden inom hälso- och sjukvården;;Tiedonhallintapalvelun potilastietojen yhteenvedossa voi olla mukana vain ne potilastiedot, joiden luovuttamiseen on lupa.|Myös paikallisissa potilastietojärjestelmissä voidaan muodostaa potilaskertomusmerkinnöistä omia potilastietojen yhteenvetoja, joihin voidaan koota Tiedonhallintapalvelun potilastietojen yhteenvedot. Rajat ylittävissä terveyspalveluissa välitettävistä potilastietojen yhteenvedoista (patient summary) suositetaan käytettäväksi nimitystä eurooppalainen potilastietojen yhteenveto. Eurooppalaiseen potilastietojen yhteenvetoon ei sisälly terveys- ja hoitosuunnitelman tietoja.;Patientöversikten i Informationshanteringstjänsten kan endast innehålla patientuppgifter för vilka det finns ett tillstånd för utlämnande.|Även i lokala patientdatasystem är det möjligt att utifrån anteckningar i patientjournalen skapa separata patientsammanfattningar och i dessa sammanställa Informationshanteringstjänstens patientöversikter. För patientöversikter (patient summary) som förmedlas i gränsöverskridande hälso- och sjukvårdstjänster rekommenderas att benämningen europeisk patientöversikt används. En europeisk patientöversikt innehåller inte uppgifter från hälso- och vårdplanen.;;Kanta-palvelut;Kanta-tjänster;;66d50c5b-a250-4401-ba9c-fb772f6f27d8;33554c74-3509-4c4c-957f-e7c29885a9b9;f9727df6-2de5-499c-8b2b-5b2a118317fc|ae757a93-6bc7-4dd9-adba-2642eeea27fb|01210070-0793-4b27-aebb-b86fdff89850|38021386-fa08-405e-abf3-e89b4706d64f|3c8cf675-ecc8-4af7-829b-8adfdecfab51|1ed31eb3-c505-4400-8125-090428de63f2;
38021386-fa08-405e-abf3-e89b4706d64f;Tiedonhallintapalvelun terveys- ja hoitosuunnitelma;hälso- och vårdplan i Informationshanteringstjänsten;;< terveys- ja hoitosuunnitelma;< hälso- och vårdplan;;;;;;;;Tiedonhallintapalvelussa ylläpidettävä kokonaisvaltainen suunnitelma, jonka terveydenhuollon asiakas tai potilas ja terveydenhuollon ammattihenkilö laativat yhteisymmärryksessä ja joka sisältää tiedot asiakkaan tai potilaan tunnistetusta hoidon tarpeesta, hoidolle asetetuista tavoitteista, toimenpiteistä näiden saavuttamiseksi sekä tavoitteiden toteuttamisaikataulusta;helhetsmässig plan som upprätthålls i Informationshanteringstjänsten och som patienten eller kunden inom hälso- och sjukvården och en yrkesutbildad person inom hälso- och sjukvården upprättar i samförstånd och som innehåller uppgifter om patientens eller kundens identifierade vårdbehov, fastställda mål för vården, åtgärder för att uppnå dessa samt tidtabellen för förverkligandet av målen;;Tiedonhallintapalvelun terveys- ja hoitosuunnitelma laaditaan hoidon suunnittelun ja koordinoinnin tueksi erityisesti paljon avohoidon palveluja tarvitseville asiakkaille ja potilaille. Terveys- ja hoitosuunnitelma ei korvaa hoitojaksokohtaisia suunnitelmia. Terveys- ja hoitosuunnitelmaa ylläpitävät kaikki asiakkaan tai potilaan hoitoon osallistuvat tahot.;Hälso- och vårdplanen i Informationshanteringstjänsten upprättas till stöd för planering och koordinering av vården särskilt för patienter och kunder som behöver många tjänster inom öppenvården. Hälso- och vårdplanen ersätter inte vårdperiodspecifika planer. Hälso- och vårdplanen underhålls av alla aktörer som deltar i vården av patienten eller kunden.;;Kanta-palvelut;Kanta-tjänster;;66d50c5b-a250-4401-ba9c-fb772f6f27d8;33554c74-3509-4c4c-957f-e7c29885a9b9;11bab8bd-ca36-40ef-b1f2-fcce285a01e5|f9727df6-2de5-499c-8b2b-5b2a118317fc|ae757a93-6bc7-4dd9-adba-2642eeea27fb|088ea7da-e212-4d38-abcb-e7eaa8e9088a|60809772-5603-4471-825c-26ed3669df0d;
15f7a897-7009-4bf1-aa03-77187bc6090e;toimenpide;åtgärd;;> hoidollinen toimenpide|> lääketieteellinen toimenpide|> kirurginen toimenpide|> radiologinen toimenpide|> interventio;> vårdåtgärd|> klinisk åtgärd|> kirurgisk åtgärd|> radiologisk åtgärd|> intervention;;;;;;;;;;;Toimenpiteet ovat eri ammattihenkilöiden tekemiä ja eri tavoitteisiin tähtääviä hoitotoimia terveydenhuollon asiakkaalle tai potilaalle annettavissa terveyspalveluissa.|Toimenpiteet voivat olla esimerkiksi ennaltaehkäisevään terveydenhuoltoon kuuluvia toimenpiteitä, hoitotyöhön kuuluvia toimenpiteitä, tutkimustoimenpiteitä, kirurgisia ja muita lääketieteellisiä toimenpiteitä tai erilaisia interventioita esimerkiksi päihde- ja mielenterveystyössä.|Toimenpiteet kirjataan potilaskertomukseen kansallisen toimenpideluokituksen koodeilla (THL - Toimenpideluokitus).;Åtgärder utförs av olika yrkesutbildade personer och de har olika målsättningar i de hälso- och sjukvårdstjänster som ges till patienten eller kunden inom hälso- och sjukvården.|Åtgärder kan höra till exempel till förebyggande hälso- och sjukvård eller till vårdarbetet, de kan vara undersökningsåtgärder, kirurgiska och andra medicinska åtgärder eller olika interventioner till exempel i missbrukar- eller mentalvården.|Åtgärder dokumenteras i patientjournaler med koder från den nationella åtgärdsklassifikationen (THL - Åtgärdsklassifikation).;;Terveydenhuolto;Hälso- och sjukvård;;66d50c5b-a250-4401-ba9c-fb772f6f27d8;33554c74-3509-4c4c-957f-e7c29885a9b9;f9727df6-2de5-499c-8b2b-5b2a118317fc|ae757a93-6bc7-4dd9-adba-2642eeea27fb;
0f4e0c8a-aaef-47d6-a9cc-f15fc2d0138b;tulosyy;ankomstorsak;;;orsak till att söka vård;;;;;;;;terveydenhuollon asiakkaan tai potilaan itsensä ilmoittama syy hoitoon hakeutumiseen tai muuhun yhteydenottoon terveydenhuoltoon;orsak som en patient eller kund inom hälso- och sjukvården själv anger som orsak till att uppsöka vård eller annan kontakt till hälso- och sjukvården;;Potilaan ilmoittama tulosyy perustuu potilaan omaan kokemukseen ja näkemykseen. Tulosyy voi liittyä erilaisiin oireisiin, aiemmin diagnosoituihin sairauksiin tai diagnostisiin ja hoidollisiin toimenpiteisiin tai lääkitykseen liittyviin tarpeisiin.|Vrt. käyntisyy ja diagnoosi.;Den ankomstorsak som patienten anger grundar sig på patientens egna upplevelse och synpunkt. Ankomstorsaken kan vara behov som är förknippade med olika symtom, tidigare diagnostiserade sjukdomar eller diagnostiska och vårdrelaterade åtgärder eller medicinering.|Jfr besöksorsak och diagnos.;;Terveydenhuolto|Hälso- och sjukvård;;;66d50c5b-a250-4401-ba9c-fb772f6f27d8;33554c74-3509-4c4c-957f-e7c29885a9b9;1ed31eb3-c505-4400-8125-090428de63f2|ae757a93-6bc7-4dd9-adba-2642eeea27fb|dcb72286-682b-476e-b375-b65f207482f8|f9727df6-2de5-499c-8b2b-5b2a118317fc|38a028a1-2049-44e6-a4ac-e67a0944857b;
396dab36-5887-4c80-84a7-361fdde4e738;tulotilanne;ankomstsituation;;tulotilanteen arviointi;bedömning av ankomstsituationen;;;;;;;;hoitoprosessin vaihe, jossa selvitetään terveydenhuollon asiakkaan tai potilaan tulosyy sekä tehdään tulosyyn perusteella tarpeelliseksi katsotut  tutkimukset ja selvitykset;fas i vårdprocessen, där man utreder ankomstorsaken för patienten eller kunden inom hälso- och sjukvården samt utför undersökningar och utredningar som anses behövliga utifrån ankomstorsaken;;;;;Terveydenhuolto;Hälso- och sjukvård;;66d50c5b-a250-4401-ba9c-fb772f6f27d8;33554c74-3509-4c4c-957f-e7c29885a9b9;0f4e0c8a-aaef-47d6-a9cc-f15fc2d0138b|f9727df6-2de5-499c-8b2b-5b2a118317fc|ae757a93-6bc7-4dd9-adba-2642eeea27fb;0ad7ac12-049f-4271-ac9b-d5f503ac2c8d
befec5d7-e284-4450-9de4-52c7a46f189c;yhteydensaantioikeus;rätt att få kontakt;;;;;;;;;;;terveydenhuollon asiakkaan tai potilaan lakisääteinen oikeus saada arkipäivisin virka-aikana välitön yhteys terveyskeskukseen tai muuhun terveydenhuollon toimintayksikköön;lagstadgad rätt för en patient eller kund inom hälso- och sjukvården att på vardagar under tjänstetid omedelbart kunna få kontakt med en hälsovårdscentral eller någon annan verksamhetsenhet inom hälso- och sjukvården;;Yhteydensaantioikeudesta on säädetty terveydenhuoltolain (1326/2010) §:ssä 51.|Yhteydensaannin toteutumista seurataan osana hoitoon pääsyn seurantaa (esim. takaisinsoittojen seuranta).;Rätten att få kontakt föreskrivs i 51 § i hälso- och sjukvårdslagen (1326/2010).|Genomförandet av rätten att få kontakt följs upp som en del i uppföljningen av möjligheten att få vård (väntetider) (t.ex. uppföljning av återuppringningar).;;Terveydenhuolto;Hälso- och sjukvård;;66d50c5b-a250-4401-ba9c-fb772f6f27d8;33554c74-3509-4c4c-957f-e7c29885a9b9;f9727df6-2de5-499c-8b2b-5b2a118317fc|ae757a93-6bc7-4dd9-adba-2642eeea27fb|38a028a1-2049-44e6-a4ac-e67a0944857b;
